application_id,high_freq_flag,id_inconsistent_flag,abnormal_region_flag,is_new_device,no_credit_history_flag,fraud_rule_count,fraud_risk_level,fraud_flag
APP000001,0,0,0,0,0,0,低风险,0
APP000002,1,0,0,1,1,3,高风险,1
APP000003,0,0,0,1,0,1,低风险,0
APP000004,0,0,0,0,0,0,低风险,0
APP000005,0,0,0,0,1,1,低风险,0
APP000006,0,0,0,0,0,0,低风险,0
APP000007,0,0,0,0,0,0,低风险,0
APP000008,0,0,0,0,1,1,低风险,0
APP000009,0,0,0,1,0,1,低风险,0
APP000010,0,0,0,0,1,1,低风险,0
APP000011,0,0,0,0,0,0,低风险,0
APP000012,1,1,1,1,0,4,高风险,1
APP000013,0,0,0,1,0,1,低风险,0
APP000014,0,0,0,0,0,0,低风险,0
APP000015,0,0,0,1,0,1,低风险,0
APP000016,0,0,0,0,0,0,低风险,0
APP000017,0,0,0,1,1,2,中风险,0
APP000018,0,0,0,1,0,1,低风险,0
APP000019,0,0,0,0,0,0,低风险,0
APP000020,0,0,0,0,1,1,低风险,0
APP000021,0,0,0,0,0,0,低风险,0
APP000022,0,0,0,0,0,0,低风险,0
APP000023,0,0,0,1,0,1,低风险,0
APP000024,0,0,0,1,1,2,中风险,0
APP000025,0,0,0,1,1,2,中风险,0
APP000026,0,0,0,1,1,2,中风险,0
APP000027,0,0,0,0,0,0,低风险,0
APP000028,0,0,0,0,1,1,低风险,0
APP000029,0,0,0,1,0,1,低风险,0
APP000030,0,0,0,0,1,1,低风险,0
APP000031,0,0,0,1,0,1,低风险,0
APP000032,0,0,0,0,0,0,低风险,0
APP000033,0,0,0,0,0,0,低风险,0
APP000034,1,0,1,1,1,4,高风险,1
APP000035,1,1,0,0,1,3,高风险,1
APP000036,0,0,0,1,1,2,中风险,0
APP000037,0,0,0,1,0,1,低风险,0
APP000038,0,0,0,1,0,1,低风险,0
APP000039,0,0,0,1,1,2,中风险,0
APP000040,0,0,0,0,0,0,低风险,0
APP000041,0,0,0,1,0,1,低风险,0
APP000042,0,0,0,0,1,1,低风险,0
APP000043,0,0,0,0,0,0,低风险,0
APP000044,1,0,0,1,1,3,高风险,1
APP000045,0,0,0,0,0,0,低风险,0
APP000046,0,0,0,0,0,0,低风险,0
APP000047,0,0,0,0,1,1,低风险,0
APP000048,0,0,0,0,0,0,低风险,0
APP000049,0,0,0,1,0,1,低风险,0
APP000050,0,0,0,0,0,0,低风险,0
APP000051,1,0,1,1,1,4,高风险,1
APP000052,0,0,0,1,0,1,低风险,0
APP000053,1,1,0,1,1,4,高风险,1
APP000054,0,0,0,0,0,0,低风险,0
APP000055,0,0,0,1,0,1,低风险,0
APP000056,1,0,1,0,1,3,高风险,1
APP000057,0,0,0,1,0,1,低风险,0
APP000058,0,0,0,0,0,0,低风险,0
APP000059,0,0,0,1,0,1,低风险,0
APP000060,0,0,0,1,0,1,低风险,0
APP000061,0,0,0,0,0,0,低风险,0
APP000062,0,0,0,0,0,0,低风险,0
APP000063,0,0,0,1,0,1,低风险,0
APP000064,0,0,0,0,0,0,低风险,0
APP000065,0,0,0,1,1,2,中风险,0
APP000066,0,0,0,0,0,0,低风险,0
APP000067,0,0,0,0,0,0,低风险,0
APP000068,0,0,0,1,0,1,低风险,0
APP000069,0,0,0,1,1,2,中风险,0
APP000070,1,0,0,1,1,3,高风险,1
APP000071,0,0,0,0,0,0,低风险,0
APP000072,0,0,0,1,0,1,低风险,0
APP000073,0,0,0,0,1,1,低风险,0
APP000074,0,0,0,1,0,1,低风险,0
APP000075,0,0,0,1,0,1,低风险,0
APP000076,0,0,0,0,1,1,低风险,0
APP000077,0,0,0,0,0,0,低风险,0
APP000078,0,0,0,0,0,0,低风险,0
APP000079,0,0,0,1,0,1,低风险,0
APP000080,0,0,0,0,0,0,低风险,0
APP000081,0,0,0,1,0,1,低风险,0
APP000082,0,0,0,0,0,0,低风险,0
APP000083,0,0,0,1,0,1,低风险,0
APP000084,0,0,0,1,1,2,中风险,0
APP000085,0,0,0,0,1,1,低风险,0
APP000086,0,0,0,0,0,0,低风险,0
APP000087,0,0,0,0,0,0,低风险,0
APP000088,0,0,0,1,1,2,中风险,0
APP000089,0,0,0,1,0,1,低风险,0
APP000090,0,0,0,0,1,1,低风险,0
APP000091,0,0,0,1,0,1,低风险,0
APP000092,0,0,0,0,0,0,低风险,0
APP000093,0,0,0,0,0,0,低风险,0
APP000094,0,0,0,1,0,1,低风险,0
APP000095,0,0,0,0,1,1,低风险,0
APP000096,0,0,0,0,0,0,低风险,0
APP000097,0,0,0,0,1,1,低风险,0
APP000098,0,0,0,0,0,0,低风险,0
APP000099,0,0,0,0,1,1,低风险,0
APP000100,0,0,0,0,0,0,低风险,0
APP000101,0,0,0,1,0,1,低风险,0
APP000102,0,0,0,0,0,0,低风险,0
APP000103,0,0,0,0,0,0,低风险,0
APP000104,0,0,0,0,0,0,低风险,0
APP000105,1,0,1,1,1,4,高风险,1
APP000106,0,0,0,1,1,2,中风险,0
APP000107,0,0,0,1,0,1,低风险,0
APP000108,0,0,0,0,1,1,低风险,0
APP000109,0,0,0,1,1,2,中风险,0
APP000110,0,0,0,0,0,0,低风险,0
APP000111,0,0,0,0,0,0,低风险,0
APP000112,0,0,0,0,0,0,低风险,0
APP000113,1,0,0,0,0,1,低风险,1
APP000114,0,0,0,0,0,0,低风险,0
APP000115,0,0,0,1,1,2,中风险,0
APP000116,0,0,0,0,0,0,低风险,0
APP000117,0,0,0,1,0,1,低风险,0
APP000118,0,0,0,0,0,0,低风险,0
APP000119,0,0,0,0,1,1,低风险,0
APP000120,0,0,0,1,0,1,低风险,0
APP000121,0,0,0,0,1,1,低风险,0
APP000122,0,0,0,0,1,1,低风险,0
APP000123,0,0,0,1,1,2,中风险,0
APP000124,0,0,0,1,0,1,低风险,0
APP000125,0,0,0,1,0,1,低风险,0
APP000126,0,0,0,1,0,1,低风险,0
APP000127,0,0,0,1,0,1,低风险,0
APP000128,0,0,0,1,0,1,低风险,0
APP000129,0,0,0,0,1,1,低风险,0
APP000130,0,0,0,0,1,1,低风险,0
APP000131,0,0,0,0,0,0,低风险,0
APP000132,0,0,0,0,0,0,低风险,0
APP000133,0,0,0,1,0,1,低风险,0
APP000134,0,0,0,1,1,2,中风险,0
APP000135,1,0,1,1,1,4,高风险,1
APP000136,0,0,0,0,1,1,低风险,0
APP000137,0,0,0,1,0,1,低风险,0
APP000138,0,0,0,0,0,0,低风险,0
APP000139,0,0,0,1,0,1,低风险,0
APP000140,1,0,0,1,0,2,中风险,1
APP000141,1,0,0,1,1,3,高风险,1
APP000142,0,0,0,0,0,0,低风险,0
APP000143,0,0,0,0,1,1,低风险,0
APP000144,0,0,0,1,0,1,低风险,0
APP000145,0,0,0,1,0,1,低风险,0
APP000146,0,0,0,1,1,2,中风险,0
APP000147,0,0,0,0,0,0,低风险,0
APP000148,0,0,0,0,0,0,低风险,0
APP000149,0,0,0,1,0,1,低风险,0
APP000150,0,0,0,1,0,1,低风险,0
APP000151,1,1,0,0,1,3,高风险,1
APP000152,0,0,0,0,0,0,低风险,0
APP000153,0,0,0,1,1,2,中风险,0
APP000154,0,0,0,0,1,1,低风险,0
APP000155,1,0,0,1,1,3,高风险,1
APP000156,0,0,0,0,1,1,低风险,0
APP000157,0,0,0,0,0,0,低风险,0
APP000158,0,0,0,1,0,1,低风险,0
APP000159,0,0,0,1,1,2,中风险,0
APP000160,0,0,0,0,0,0,低风险,0
APP000161,0,0,0,0,1,1,低风险,0
APP000162,0,0,0,0,0,0,低风险,0
APP000163,0,0,0,0,1,1,低风险,0
APP000164,0,0,0,0,0,0,低风险,0
APP000165,0,0,0,1,1,2,中风险,0
APP000166,0,0,0,0,0,0,低风险,0
APP000167,0,0,0,0,0,0,低风险,0
APP000168,0,0,0,0,0,0,低风险,0
APP000169,0,0,0,0,1,1,低风险,0
APP000170,0,0,0,0,1,1,低风险,0
APP000171,0,0,0,0,1,1,低风险,0
APP000172,0,0,0,1,0,1,低风险,0
APP000173,0,0,0,0,1,1,低风险,0
APP000174,0,0,0,0,0,0,低风险,0
APP000175,0,0,0,1,0,1,低风险,0
APP000176,0,0,0,1,0,1,低风险,0
APP000177,0,0,0,0,0,0,低风险,0
APP000178,0,0,0,1,1,2,中风险,0
APP000179,1,0,0,1,1,3,高风险,1
APP000180,0,0,0,0,0,0,低风险,0
APP000181,0,0,0,0,0,0,低风险,0
APP000182,0,0,0,1,1,2,中风险,0
APP000183,1,0,0,1,1,3,高风险,1
APP000184,0,0,0,0,0,0,低风险,0
APP000185,0,0,0,0,1,1,低风险,0
APP000186,0,0,0,1,0,1,低风险,0
APP000187,0,0,0,0,0,0,低风险,0
APP000188,0,0,0,0,1,1,低风险,0
APP000189,0,0,0,1,1,2,中风险,0
APP000190,0,0,0,1,1,2,中风险,0
APP000191,0,0,0,1,0,1,低风险,0
APP000192,0,0,0,1,0,1,低风险,0
APP000193,1,0,0,1,0,2,中风险,1
APP000194,0,0,0,1,0,1,低风险,0
APP000195,0,0,0,1,0,1,低风险,0
APP000196,0,0,0,0,1,1,低风险,0
APP000197,0,0,0,0,1,1,低风险,0
APP000198,0,0,0,0,0,0,低风险,0
APP000199,0,0,0,0,1,1,低风险,0
APP000200,0,0,0,1,1,2,中风险,0
APP000201,0,0,0,1,0,1,低风险,0
APP000202,0,0,0,0,0,0,低风险,0
APP000203,0,0,0,0,0,0,低风险,0
APP000204,0,0,0,1,0,1,低风险,0
APP000205,0,0,0,0,1,1,低风险,0
APP000206,0,0,0,0,0,0,低风险,0
APP000207,0,0,0,0,1,1,低风险,0
APP000208,0,0,0,0,0,0,低风险,0
APP000209,0,0,0,0,0,0,低风险,0
APP000210,0,0,0,0,1,1,低风险,0
APP000211,0,0,0,0,0,0,低风险,0
APP000212,0,0,0,0,1,1,低风险,0
APP000213,0,0,0,0,0,0,低风险,0
APP000214,0,0,0,0,0,0,低风险,0
APP000215,0,0,0,1,0,1,低风险,0
APP000216,0,0,0,1,0,1,低风险,0
APP000217,0,0,0,0,1,1,低风险,0
APP000218,0,0,0,0,0,0,低风险,0
APP000219,0,0,0,1,0,1,低风险,0
APP000220,0,0,0,0,1,1,低风险,0
APP000221,0,0,0,0,0,0,低风险,0
APP000222,0,0,0,1,0,1,低风险,0
APP000223,0,0,0,1,1,2,中风险,0
APP000224,0,0,0,1,0,1,低风险,0
APP000225,0,0,0,0,1,1,低风险,0
APP000226,0,0,0,1,0,1,低风险,0
APP000227,1,0,0,1,1,3,高风险,1
APP000228,0,0,0,1,0,1,低风险,0
APP000229,0,0,0,0,0,0,低风险,0
APP000230,0,0,0,0,0,0,低风险,0
APP000231,0,0,0,1,0,1,低风险,0
APP000232,0,0,0,0,0,0,低风险,0
APP000233,0,0,0,0,0,0,低风险,0
APP000234,0,0,0,1,1,2,中风险,0
APP000235,0,0,0,0,0,0,低风险,0
APP000236,0,0,0,0,0,0,低风险,0
APP000237,0,0,0,0,0,0,低风险,0
APP000238,0,0,0,1,0,1,低风险,0
APP000239,0,0,0,1,0,1,低风险,0
APP000240,0,0,0,0,0,0,低风险,0
APP000241,1,0,1,1,0,3,高风险,1
APP000242,1,1,0,1,1,4,高风险,1
APP000243,1,0,0,1,1,3,高风险,1
APP000244,0,0,0,0,0,0,低风险,0
APP000245,0,0,0,0,0,0,低风险,0
APP000246,1,1,0,1,1,4,高风险,1
APP000247,0,0,0,0,1,1,低风险,0
APP000248,1,0,1,0,0,2,中风险,1
APP000249,1,1,1,1,0,4,高风险,1
APP000250,0,0,0,1,1,2,中风险,0
APP000251,0,0,0,0,0,0,低风险,0
APP000252,0,0,0,0,1,1,低风险,0
APP000253,0,0,0,0,0,0,低风险,0
APP000254,0,0,0,0,1,1,低风险,0
APP000255,0,0,0,0,0,0,低风险,0
APP000256,0,0,0,1,0,1,低风险,0
APP000257,1,0,0,1,1,3,高风险,1
APP000258,0,0,0,0,0,0,低风险,0
APP000259,0,0,0,0,0,0,低风险,0
APP000260,0,0,0,0,1,1,低风险,0
APP000261,0,0,0,0,1,1,低风险,0
APP000262,1,1,0,1,0,3,高风险,1
APP000263,0,0,0,0,1,1,低风险,0
APP000264,0,0,0,0,0,0,低风险,0
APP000265,0,0,0,1,0,1,低风险,0
APP000266,0,0,0,0,0,0,低风险,0
APP000267,0,0,0,1,0,1,低风险,0
APP000268,0,0,0,0,1,1,低风险,0
APP000269,0,0,0,1,0,1,低风险,0
APP000270,0,0,0,1,0,1,低风险,0
APP000271,0,0,0,1,0,1,低风险,0
APP000272,0,0,0,1,0,1,低风险,0
APP000273,0,0,0,0,1,1,低风险,0
APP000274,1,1,0,1,1,4,高风险,1
APP000275,0,0,0,1,0,1,低风险,0
APP000276,0,0,0,0,0,0,低风险,0
APP000277,0,0,0,0,1,1,低风险,0
APP000278,0,0,0,0,0,0,低风险,0
APP000279,0,0,0,0,0,0,低风险,0
APP000280,0,0,0,0,1,1,低风险,0
APP000281,0,0,0,0,0,0,低风险,0
APP000282,0,0,0,1,0,1,低风险,0
APP000283,0,0,0,0,0,0,低风险,0
APP000284,0,0,0,0,0,0,低风险,0
APP000285,0,0,0,0,1,1,低风险,0
APP000286,0,0,0,0,0,0,低风险,0
APP000287,0,0,0,1,0,1,低风险,0
APP000288,0,0,0,0,0,0,低风险,0
APP000289,0,0,0,0,0,0,低风险,0
APP000290,0,0,0,1,0,1,低风险,0
APP000291,0,0,0,0,1,1,低风险,0
APP000292,0,0,0,0,0,0,低风险,0
APP000293,0,0,0,0,0,0,低风险,0
APP000294,0,0,0,1,0,1,低风险,0
APP000295,0,0,0,0,0,0,低风险,0
APP000296,0,0,0,0,0,0,低风险,0
APP000297,0,0,0,0,0,0,低风险,0
APP000298,0,0,0,0,1,1,低风险,0
APP000299,0,0,0,0,0,0,低风险,0
APP000300,0,0,0,0,0,0,低风险,0
APP000301,0,0,0,0,0,0,低风险,0
APP000302,0,0,0,1,0,1,低风险,0
APP000303,0,0,0,1,0,1,低风险,0
APP000304,0,0,0,0,0,0,低风险,0
APP000305,0,0,0,1,0,1,低风险,0
APP000306,1,1,0,0,1,3,高风险,1
APP000307,0,0,0,0,0,0,低风险,0
APP000308,0,0,0,1,0,1,低风险,0
APP000309,0,0,0,1,0,1,低风险,0
APP000310,0,0,0,1,0,1,低风险,0
APP000311,0,0,0,0,0,0,低风险,0
APP000312,0,0,0,1,0,1,低风险,0
APP000313,0,0,0,0,0,0,低风险,0
APP000314,1,0,0,1,1,3,高风险,1
APP000315,0,0,0,1,1,2,中风险,0
APP000316,0,0,0,0,0,0,低风险,0
APP000317,0,0,0,1,0,1,低风险,0
APP000318,0,0,0,0,0,0,低风险,0
APP000319,0,0,0,0,0,0,低风险,0
APP000320,0,0,0,0,1,1,低风险,0
APP000321,0,0,0,0,0,0,低风险,0
APP000322,0,0,0,1,0,1,低风险,0
APP000323,0,0,0,1,0,1,低风险,0
APP000324,0,0,0,0,0,0,低风险,0
APP000325,1,1,0,1,1,4,高风险,1
APP000326,0,0,0,1,1,2,中风险,0
APP000327,0,0,0,0,0,0,低风险,0
APP000328,0,0,0,1,0,1,低风险,0
APP000329,0,0,0,0,0,0,低风险,0
APP000330,0,0,0,1,1,2,中风险,0
APP000331,0,0,0,0,1,1,低风险,0
APP000332,0,0,0,0,0,0,低风险,0
APP000333,0,0,0,0,0,0,低风险,0
APP000334,0,0,0,1,0,1,低风险,0
APP000335,0,0,0,0,1,1,低风险,0
APP000336,0,0,0,0,0,0,低风险,0
APP000337,0,0,0,0,1,1,低风险,0
APP000338,0,0,0,1,1,2,中风险,0
APP000339,0,0,0,0,0,0,低风险,0
APP000340,0,0,0,0,1,1,低风险,0
APP000341,0,0,0,0,1,1,低风险,0
APP000342,0,0,0,0,0,0,低风险,0
APP000343,0,0,0,1,0,1,低风险,0
APP000344,0,0,0,1,0,1,低风险,0
APP000345,0,0,0,0,0,0,低风险,0
APP000346,0,0,0,0,1,1,低风险,0
APP000347,0,0,0,1,1,2,中风险,0
APP000348,0,0,0,0,0,0,低风险,0
APP000349,0,0,0,1,0,1,低风险,0
APP000350,0,0,0,1,0,1,低风险,0
APP000351,0,0,0,1,1,2,中风险,0
APP000352,0,0,0,0,0,0,低风险,0
APP000353,0,0,0,0,1,1,低风险,0
APP000354,0,0,0,1,0,1,低风险,0
APP000355,0,0,0,0,0,0,低风险,0
APP000356,0,0,0,1,0,1,低风险,0
APP000357,0,0,0,0,0,0,低风险,0
APP000358,0,0,0,1,0,1,低风险,0
APP000359,1,0,0,1,0,2,中风险,1
APP000360,0,0,0,0,0,0,低风险,0
APP000361,0,0,0,0,1,1,低风险,0
APP000362,0,0,0,1,0,1,低风险,0
APP000363,0,0,0,1,1,2,中风险,0
APP000364,0,0,0,0,0,0,低风险,0
APP000365,1,0,0,0,1,2,中风险,1
APP000366,0,0,0,1,0,1,低风险,0
APP000367,1,0,0,0,1,2,中风险,1
APP000368,1,0,0,1,1,3,高风险,1
APP000369,0,0,0,0,0,0,低风险,0
APP000370,0,0,0,0,0,0,低风险,0
APP000371,0,0,0,0,0,0,低风险,0
APP000372,0,0,0,0,0,0,低风险,0
APP000373,0,0,0,0,0,0,低风险,0
APP000374,0,0,0,0,0,0,低风险,0
APP000375,0,0,0,0,1,1,低风险,0
APP000376,0,0,0,0,1,1,低风险,0
APP000377,0,0,0,0,0,0,低风险,0
APP000378,0,0,0,1,0,1,低风险,0
APP000379,0,0,0,0,0,0,低风险,0
APP000380,0,0,0,0,0,0,低风险,0
APP000381,0,0,0,0,0,0,低风险,0
APP000382,0,0,0,0,0,0,低风险,0
APP000383,0,0,0,0,1,1,低风险,0
APP000384,0,0,0,0,1,1,低风险,0
APP000385,0,0,0,1,0,1,低风险,0
APP000386,0,0,0,0,0,0,低风险,0
APP000387,0,0,0,1,0,1,低风险,0
APP000388,0,0,0,0,0,0,低风险,0
APP000389,0,0,0,0,1,1,低风险,0
APP000390,0,0,0,0,0,0,低风险,0
APP000391,1,0,0,0,1,2,中风险,1
APP000392,0,0,0,0,0,0,低风险,0
APP000393,0,0,0,1,0,1,低风险,0
APP000394,0,0,0,0,0,0,低风险,0
APP000395,0,0,0,1,0,1,低风险,0
APP000396,1,0,0,1,1,3,高风险,1
APP000397,0,0,0,0,0,0,低风险,0
APP000398,0,0,0,0,0,0,低风险,0
APP000399,0,0,0,0,0,0,低风险,0
APP000400,0,0,0,0,0,0,低风险,0
APP000401,0,0,0,0,0,0,低风险,0
APP000402,1,1,1,1,0,4,高风险,1
APP000403,0,0,0,0,1,1,低风险,0
APP000404,0,0,0,0,0,0,低风险,0
APP000405,0,0,0,1,1,2,中风险,0
APP000406,0,0,0,1,0,1,低风险,0
APP000407,0,0,0,1,0,1,低风险,0
APP000408,0,0,0,0,0,0,低风险,0
APP000409,1,0,1,1,1,4,高风险,1
APP000410,0,0,0,0,0,0,低风险,0
APP000411,0,0,0,0,1,1,低风险,0
APP000412,1,0,0,0,1,2,中风险,1
APP000413,1,1,1,1,0,4,高风险,1
APP000414,0,0,0,1,0,1,低风险,0
APP000415,0,0,0,0,1,1,低风险,0
APP000416,0,0,0,0,0,0,低风险,0
APP000417,0,0,0,0,0,0,低风险,0
APP000418,0,0,0,0,0,0,低风险,0
APP000419,0,0,0,0,0,0,低风险,0
APP000420,0,0,0,0,0,0,低风险,0
APP000421,0,0,0,0,0,0,低风险,0
APP000422,0,0,0,1,0,1,低风险,0
APP000423,0,0,0,0,1,1,低风险,0
APP000424,0,0,0,1,1,2,中风险,0
APP000425,0,0,0,0,0,0,低风险,0
APP000426,0,0,0,0,1,1,低风险,0
APP000427,0,0,0,0,0,0,低风险,0
APP000428,0,0,0,0,0,0,低风险,0
APP000429,0,0,0,0,1,1,低风险,0
APP000430,0,0,0,1,0,1,低风险,0
APP000431,0,0,0,1,0,1,低风险,0
APP000432,0,0,0,0,0,0,低风险,0
APP000433,0,0,0,0,0,0,低风险,0
APP000434,0,0,0,1,0,1,低风险,0
APP000435,0,0,0,0,0,0,低风险,0
APP000436,0,0,0,0,0,0,低风险,0
APP000437,0,0,0,0,0,0,低风险,0
APP000438,0,0,0,1,1,2,中风险,0
APP000439,0,0,0,1,1,2,中风险,0
APP000440,0,0,0,0,0,0,低风险,0
APP000441,0,0,0,1,1,2,中风险,0
APP000442,1,1,0,1,1,4,高风险,1
APP000443,0,0,0,0,0,0,低风险,0
APP000444,0,0,0,0,1,1,低风险,0
APP000445,0,0,0,0,0,0,低风险,0
APP000446,1,1,0,1,1,4,高风险,1
APP000447,1,1,0,0,0,2,中风险,1
APP000448,0,0,0,1,0,1,低风险,0
APP000449,0,0,0,0,1,1,低风险,0
APP000450,0,0,0,1,0,1,低风险,0
APP000451,0,0,0,0,0,0,低风险,0
APP000452,0,0,0,0,0,0,低风险,0
APP000453,0,0,0,1,0,1,低风险,0
APP000454,1,0,0,1,1,3,高风险,1
APP000455,0,0,0,1,0,1,低风险,0
APP000456,0,0,0,0,1,1,低风险,0
APP000457,0,0,0,1,0,1,低风险,0
APP000458,0,0,0,0,0,0,低风险,0
APP000459,0,0,0,0,1,1,低风险,0
APP000460,0,0,0,0,0,0,低风险,0
APP000461,0,0,0,0,1,1,低风险,0
APP000462,0,0,0,0,0,0,低风险,0
APP000463,0,0,0,1,0,1,低风险,0
APP000464,0,0,0,0,1,1,低风险,0
APP000465,0,0,0,1,0,1,低风险,1
APP000466,0,0,0,0,1,1,低风险,0
APP000467,0,0,0,0,0,0,低风险,0
APP000468,0,0,0,0,1,1,低风险,0
APP000469,0,0,0,1,0,1,低风险,0
APP000470,1,1,0,1,0,3,高风险,1
APP000471,0,0,0,1,0,1,低风险,0
APP000472,1,0,1,1,0,3,高风险,1
APP000473,0,0,0,0,0,0,低风险,0
APP000474,0,0,0,0,0,0,低风险,0
APP000475,0,0,0,1,0,1,低风险,0
APP000476,1,0,0,1,0,2,中风险,1
APP000477,0,0,0,0,0,0,低风险,0
APP000478,0,0,0,0,1,1,低风险,0
APP000479,1,0,1,1,1,4,高风险,1
APP000480,0,0,0,0,1,1,低风险,0
APP000481,0,0,0,0,0,0,低风险,0
APP000482,0,0,0,0,0,0,低风险,0
APP000483,0,0,0,0,0,0,低风险,0
APP000484,0,0,0,0,1,1,低风险,0
APP000485,0,0,0,0,1,1,低风险,0
APP000486,1,1,1,1,1,5,高风险,1
APP000487,0,0,0,0,0,0,低风险,0
APP000488,0,0,0,0,0,0,低风险,0
APP000489,1,1,0,1,1,4,高风险,1
APP000490,0,0,0,0,0,0,低风险,0
APP000491,0,0,0,0,0,0,低风险,0
APP000492,0,0,0,1,1,2,中风险,0
APP000493,0,0,0,0,0,0,低风险,0
APP000494,0,0,0,1,1,2,中风险,0
APP000495,0,0,0,1,0,1,低风险,0
APP000496,0,0,0,1,1,2,中风险,0
APP000497,0,0,0,0,0,0,低风险,0
APP000498,0,0,0,0,1,1,低风险,0
APP000499,1,1,0,1,1,4,高风险,1
APP000500,1,0,1,1,0,3,高风险,1
APP000501,0,0,0,0,1,1,低风险,0
APP000502,0,0,0,0,1,1,低风险,0
APP000503,0,0,0,0,0,0,低风险,0
APP000504,0,0,0,0,1,1,低风险,0
APP000505,0,0,0,0,1,1,低风险,0
APP000506,0,0,0,0,0,0,低风险,0
APP000507,1,0,1,1,0,3,高风险,1
APP000508,0,0,0,0,0,0,低风险,0
APP000509,1,0,0,1,0,2,中风险,1
APP000510,0,0,0,1,0,1,低风险,0
APP000511,0,0,0,0,1,1,低风险,0
APP000512,0,0,0,0,0,0,低风险,0
APP000513,1,0,1,0,0,2,中风险,1
APP000514,0,0,0,1,0,1,低风险,0
APP000515,0,0,0,0,0,0,低风险,0
APP000516,0,0,0,0,1,1,低风险,0
APP000517,0,0,0,0,0,0,低风险,0
APP000518,0,0,0,1,0,1,低风险,0
APP000519,1,0,0,0,0,1,低风险,1
APP000520,0,0,0,0,1,1,低风险,0
APP000521,0,0,0,1,1,2,中风险,0
APP000522,0,0,0,0,1,1,低风险,0
APP000523,1,0,0,1,0,2,中风险,1
APP000524,0,0,0,0,1,1,低风险,0
APP000525,0,0,0,1,1,2,中风险,0
APP000526,0,0,0,0,0,0,低风险,0
APP000527,0,0,0,1,1,2,中风险,0
APP000528,0,0,0,1,0,1,低风险,0
APP000529,0,0,0,0,0,0,低风险,0
APP000530,0,0,0,0,0,0,低风险,0
APP000531,0,0,0,0,0,0,低风险,0
APP000532,1,0,1,0,0,2,中风险,1
APP000533,1,1,1,0,0,3,高风险,1
APP000534,0,0,0,0,1,1,低风险,0
APP000535,0,0,0,0,1,1,低风险,0
APP000536,1,0,0,1,1,3,高风险,1
APP000537,0,0,0,0,0,0,低风险,0
APP000538,0,0,0,1,0,1,低风险,0
APP000539,0,0,0,0,0,0,低风险,0
APP000540,0,0,0,0,0,0,低风险,0
APP000541,1,1,0,0,1,3,高风险,1
APP000542,0,0,0,0,0,0,低风险,0
APP000543,0,0,0,0,0,0,低风险,0
APP000544,0,0,0,0,1,1,低风险,0
APP000545,0,0,0,0,0,0,低风险,0
APP000546,0,0,0,1,1,2,中风险,0
APP000547,0,0,0,0,0,0,低风险,0
APP000548,0,0,0,1,0,1,低风险,0
APP000549,0,0,0,1,1,2,中风险,0
APP000550,0,0,0,1,0,1,低风险,0
APP000551,0,0,0,1,0,1,低风险,0
APP000552,0,0,0,0,0,0,低风险,0
APP000553,0,0,0,0,0,0,低风险,0
APP000554,0,0,0,1,1,2,中风险,0
APP000555,0,0,0,0,0,0,低风险,0
APP000556,0,0,0,0,0,0,低风险,0
APP000557,0,0,0,1,0,1,低风险,0
APP000558,0,0,0,1,1,2,中风险,0
APP000559,0,0,0,1,0,1,低风险,0
APP000560,0,0,0,1,0,1,低风险,0
APP000561,0,0,0,1,1,2,中风险,0
APP000562,0,0,0,0,0,0,低风险,0
APP000563,0,0,0,1,1,2,中风险,0
APP000564,0,0,0,0,0,0,低风险,0
APP000565,0,0,0,0,1,1,低风险,0
APP000566,0,0,0,1,0,1,低风险,0
APP000567,0,0,0,0,0,0,低风险,0
APP000568,0,0,0,0,0,0,低风险,0
APP000569,1,0,0,0,1,2,中风险,1
APP000570,0,0,0,1,0,1,低风险,0
APP000571,0,0,0,0,0,0,低风险,0
APP000572,0,0,0,1,1,2,中风险,0
APP000573,0,0,0,0,1,1,低风险,0
APP000574,0,0,0,1,0,1,低风险,0
APP000575,0,0,0,1,1,2,中风险,0
APP000576,1,0,0,1,0,2,中风险,1
APP000577,0,0,0,0,0,0,低风险,0
APP000578,1,0,1,0,1,3,高风险,1
APP000579,0,0,0,1,0,1,低风险,0
APP000580,0,0,0,1,0,1,低风险,0
APP000581,0,0,0,1,0,1,低风险,0
APP000582,1,0,0,1,0,2,中风险,1
APP000583,0,0,0,1,0,1,低风险,0
APP000584,0,0,0,1,1,2,中风险,0
APP000585,0,0,0,1,0,1,低风险,0
APP000586,0,0,0,1,0,1,低风险,0
APP000587,0,0,0,0,0,0,低风险,0
APP000588,0,0,0,0,1,1,低风险,0
APP000589,0,0,0,1,1,2,中风险,0
APP000590,0,0,0,1,0,1,低风险,0
APP000591,0,0,0,0,0,0,低风险,0
APP000592,0,0,0,0,0,0,低风险,0
APP000593,0,0,0,0,0,0,低风险,0
APP000594,0,0,0,0,0,0,低风险,0
APP000595,0,0,0,0,0,0,低风险,0
APP000596,0,0,0,1,1,2,中风险,0
APP000597,0,0,0,1,1,2,中风险,0
APP000598,0,0,0,0,1,1,低风险,0
APP000599,0,0,0,0,0,0,低风险,0
APP000600,0,0,0,0,0,0,低风险,0
APP000601,0,0,0,0,0,0,低风险,0
APP000602,0,0,0,1,0,1,低风险,0
APP000603,0,0,0,1,0,1,低风险,0
APP000604,0,0,0,0,0,0,低风险,0
APP000605,0,0,0,1,0,1,低风险,0
APP000606,0,0,0,1,1,2,中风险,0
APP000607,0,0,0,1,1,2,中风险,0
APP000608,0,0,0,0,0,0,低风险,0
APP000609,0,0,0,1,0,1,低风险,0
APP000610,0,0,0,0,0,0,低风险,0
APP000611,0,0,0,0,0,0,低风险,0
APP000612,0,0,0,0,0,0,低风险,0
APP000613,0,0,0,0,1,1,低风险,0
APP000614,0,0,0,0,1,1,低风险,0
APP000615,0,0,0,0,1,1,低风险,0
APP000616,0,0,0,1,0,1,低风险,1
APP000617,0,0,0,1,1,2,中风险,0
APP000618,0,0,0,1,0,1,低风险,0
APP000619,0,0,0,0,0,0,低风险,0
APP000620,0,0,0,1,0,1,低风险,0
APP000621,0,0,0,1,1,2,中风险,0
APP000622,0,0,0,1,0,1,低风险,0
APP000623,0,0,0,0,0,0,低风险,0
APP000624,0,0,0,1,0,1,低风险,0
APP000625,0,0,0,1,0,1,低风险,0
APP000626,0,0,0,1,1,2,中风险,0
APP000627,0,0,0,0,0,0,低风险,0
APP000628,0,0,0,0,0,0,低风险,0
APP000629,0,0,0,1,0,1,低风险,0
APP000630,0,0,0,0,0,0,低风险,0
APP000631,0,0,0,0,0,0,低风险,0
APP000632,0,0,0,0,1,1,低风险,0
APP000633,0,0,0,1,0,1,低风险,0
APP000634,0,0,0,1,0,1,低风险,0
APP000635,0,0,0,0,0,0,低风险,0
APP000636,0,0,0,1,0,1,低风险,0
APP000637,0,0,0,0,0,0,低风险,0
APP000638,0,0,0,1,0,1,低风险,0
APP000639,0,0,0,1,1,2,中风险,0
APP000640,0,0,0,1,0,1,低风险,0
APP000641,0,0,0,1,0,1,低风险,0
APP000642,0,0,0,0,0,0,低风险,0
APP000643,0,0,0,1,0,1,低风险,0
APP000644,0,0,0,0,0,0,低风险,0
APP000645,0,0,0,1,1,2,中风险,0
APP000646,0,0,0,1,0,1,低风险,0
APP000647,0,0,0,1,0,1,低风险,0
APP000648,0,0,0,0,0,0,低风险,0
APP000649,0,0,0,1,0,1,低风险,0
APP000650,0,0,0,0,0,0,低风险,0
APP000651,0,0,0,0,1,1,低风险,0
APP000652,0,0,0,1,0,1,低风险,0
APP000653,0,0,0,0,0,0,低风险,0
APP000654,0,0,0,1,1,2,中风险,0
APP000655,0,0,0,0,1,1,低风险,0
APP000656,0,0,0,0,0,0,低风险,0
APP000657,0,0,0,1,1,2,中风险,0
APP000658,0,0,0,0,0,0,低风险,0
APP000659,0,0,0,0,1,1,低风险,0
APP000660,0,0,0,1,1,2,中风险,0
APP000661,0,0,0,0,0,0,低风险,0
APP000662,1,0,0,1,1,3,高风险,1
APP000663,0,0,0,0,0,0,低风险,0
APP000664,0,0,0,1,0,1,低风险,0
APP000665,0,0,0,1,0,1,低风险,0
APP000666,0,0,0,1,0,1,低风险,0
APP000667,0,0,0,0,0,0,低风险,0
APP000668,0,0,0,1,0,1,低风险,0
APP000669,0,0,0,1,1,2,中风险,0
APP000670,0,0,0,1,1,2,中风险,0
APP000671,0,0,0,0,0,0,低风险,0
APP000672,0,0,0,1,0,1,低风险,0
APP000673,0,0,0,1,1,2,中风险,0
APP000674,0,0,0,0,1,1,低风险,0
APP000675,0,0,0,0,1,1,低风险,0
APP000676,1,0,0,1,0,2,中风险,1
APP000677,0,0,0,0,0,0,低风险,0
APP000678,0,0,0,1,1,2,中风险,0
APP000679,1,1,0,1,1,4,高风险,1
APP000680,0,0,0,1,0,1,低风险,0
APP000681,0,0,0,0,0,0,低风险,0
APP000682,0,0,0,0,1,1,低风险,0
APP000683,0,0,0,1,0,1,低风险,0
APP000684,0,0,0,0,0,0,低风险,0
APP000685,1,0,1,1,0,3,高风险,1
APP000686,0,0,0,0,1,1,低风险,0
APP000687,0,0,0,0,0,0,低风险,0
APP000688,0,0,0,0,0,0,低风险,0
APP000689,0,0,0,0,0,0,低风险,0
APP000690,0,0,0,1,1,2,中风险,0
APP000691,0,0,0,0,0,0,低风险,0
APP000692,0,0,0,0,1,1,低风险,0
APP000693,0,0,0,0,0,0,低风险,0
APP000694,0,0,0,0,0,0,低风险,0
APP000695,0,0,0,0,0,0,低风险,0
APP000696,0,0,0,1,0,1,低风险,0
APP000697,0,0,0,0,0,0,低风险,0
APP000698,0,0,0,0,0,0,低风险,0
APP000699,0,0,0,0,0,0,低风险,0
APP000700,0,0,0,1,1,2,中风险,0
APP000701,0,0,0,0,0,0,低风险,0
APP000702,0,0,0,0,0,0,低风险,0
APP000703,0,0,0,1,0,1,低风险,0
APP000704,0,0,0,0,0,0,低风险,0
APP000705,0,0,0,0,0,0,低风险,0
APP000706,1,0,1,1,0,3,高风险,1
APP000707,0,0,0,1,0,1,低风险,0
APP000708,0,0,0,0,0,0,低风险,0
APP000709,0,0,0,1,0,1,低风险,0
APP000710,0,0,0,1,0,1,低风险,0
APP000711,0,0,0,0,1,1,低风险,0
APP000712,0,0,0,0,1,1,低风险,0
APP000713,0,0,0,0,0,0,低风险,0
APP000714,0,0,0,1,0,1,低风险,0
APP000715,0,0,0,0,0,0,低风险,0
APP000716,1,1,0,1,1,4,高风险,1
APP000717,0,0,0,0,1,1,低风险,0
APP000718,0,0,1,1,1,3,高风险,1
APP000719,0,0,0,0,1,1,低风险,0
APP000720,0,0,0,1,1,2,中风险,0
APP000721,1,1,0,1,0,3,高风险,1
APP000722,0,0,0,0,1,1,低风险,0
APP000723,0,0,0,0,0,0,低风险,0
APP000724,0,0,0,0,0,0,低风险,0
APP000725,0,0,0,0,0,0,低风险,0
APP000726,0,0,0,0,1,1,低风险,0
APP000727,0,0,0,1,0,1,低风险,0
APP000728,0,0,0,1,1,2,中风险,0
APP000729,0,0,0,1,0,1,低风险,0
APP000730,0,0,0,0,0,0,低风险,0
APP000731,0,0,0,0,0,0,低风险,0
APP000732,0,0,0,0,1,1,低风险,0
APP000733,0,0,0,1,0,1,低风险,0
APP000734,0,0,0,1,0,1,低风险,0
APP000735,0,0,0,0,1,1,低风险,0
APP000736,0,0,0,0,0,0,低风险,0
APP000737,0,0,0,0,0,0,低风险,0
APP000738,0,0,0,0,1,1,低风险,0
APP000739,0,0,0,0,1,1,低风险,0
APP000740,0,0,0,1,0,1,低风险,0
APP000741,0,0,0,1,1,2,中风险,0
APP000742,0,0,0,0,1,1,低风险,0
APP000743,0,0,0,0,0,0,低风险,0
APP000744,0,0,0,1,0,1,低风险,0
APP000745,0,0,0,0,0,0,低风险,0
APP000746,0,0,0,0,0,0,低风险,0
APP000747,0,0,0,0,0,0,低风险,0
APP000748,0,0,0,0,1,1,低风险,0
APP000749,1,0,0,1,0,2,中风险,1
APP000750,0,0,0,1,0,1,低风险,0
APP000751,0,0,0,0,1,1,低风险,0
APP000752,1,1,0,1,1,4,高风险,1
APP000753,0,0,0,1,0,1,低风险,0
APP000754,0,0,0,0,1,1,低风险,0
APP000755,0,0,0,1,1,2,中风险,0
APP000756,0,0,0,1,0,1,低风险,0
APP000757,0,0,0,0,0,0,低风险,0
APP000758,0,0,0,1,0,1,低风险,0
APP000759,0,0,0,0,0,0,低风险,0
APP000760,0,0,0,1,1,2,中风险,0
APP000761,0,0,0,0,1,1,低风险,0
APP000762,0,0,0,1,1,2,中风险,0
APP000763,0,0,0,1,1,2,中风险,0
APP000764,0,0,0,0,1,1,低风险,0
APP000765,0,0,0,0,0,0,低风险,0
APP000766,0,0,0,1,0,1,低风险,0
APP000767,0,0,0,1,0,1,低风险,0
APP000768,0,0,0,0,1,1,低风险,0
APP000769,0,0,0,1,0,1,低风险,0
APP000770,0,0,0,0,0,0,低风险,0
APP000771,0,0,0,0,1,1,低风险,0
APP000772,0,0,0,0,0,0,低风险,0
APP000773,0,0,0,0,0,0,低风险,0
APP000774,0,0,0,1,1,2,中风险,0
APP000775,0,0,0,0,0,0,低风险,0
APP000776,0,0,0,1,1,2,中风险,0
APP000777,0,0,0,0,0,0,低风险,0
APP000778,0,0,0,0,0,0,低风险,0
APP000779,0,0,0,0,0,0,低风险,0
APP000780,0,0,0,0,1,1,低风险,0
APP000781,0,0,0,0,0,0,低风险,0
APP000782,0,0,0,0,0,0,低风险,0
APP000783,0,0,0,0,0,0,低风险,0
APP000784,0,0,0,0,0,0,低风险,0
APP000785,0,0,0,0,0,0,低风险,0
APP000786,1,1,0,1,0,3,高风险,1
APP000787,0,0,0,1,0,1,低风险,0
APP000788,0,0,0,1,0,1,低风险,0
APP000789,0,0,0,0,0,0,低风险,0
APP000790,1,1,0,1,1,4,高风险,1
APP000791,0,0,0,0,0,0,低风险,0
APP000792,0,0,0,1,0,1,低风险,0
APP000793,0,0,0,0,0,0,低风险,0
APP000794,0,0,0,0,0,0,低风险,0
APP000795,0,0,0,0,0,0,低风险,0
APP000796,0,0,0,0,1,1,低风险,0
APP000797,1,1,0,0,0,2,中风险,1
APP000798,0,0,0,1,0,1,低风险,0
APP000799,0,0,0,0,1,1,低风险,0
APP000800,1,1,1,1,1,5,高风险,1
APP000801,0,0,0,0,1,1,低风险,0
APP000802,0,0,0,0,1,1,低风险,0
APP000803,0,0,0,1,1,2,中风险,0
APP000804,0,0,0,0,0,0,低风险,0
APP000805,0,0,0,1,0,1,低风险,0
APP000806,0,0,0,0,0,0,低风险,0
APP000807,1,0,0,0,0,1,低风险,1
APP000808,1,0,0,1,1,3,高风险,1
APP000809,0,0,0,0,0,0,低风险,0
APP000810,0,0,0,1,0,1,低风险,0
APP000811,1,0,0,0,0,1,低风险,1
APP000812,0,0,0,1,1,2,中风险,0
APP000813,0,0,0,0,1,1,低风险,0
APP000814,1,0,1,1,0,3,高风险,1
APP000815,0,0,0,1,0,1,低风险,0
APP000816,0,0,0,1,1,2,中风险,0
APP000817,0,0,0,1,1,2,中风险,0
APP000818,0,0,0,1,0,1,低风险,0
APP000819,0,0,0,1,0,1,低风险,0
APP000820,0,0,0,0,0,0,低风险,0
APP000821,0,0,0,0,0,0,低风险,0
APP000822,0,0,0,0,0,0,低风险,0
APP000823,0,0,0,0,0,0,低风险,0
APP000824,0,0,0,0,0,0,低风险,0
APP000825,0,0,0,0,1,1,低风险,0
APP000826,1,0,1,0,0,2,中风险,1
APP000827,0,0,0,1,1,2,中风险,0
APP000828,0,0,0,0,1,1,低风险,0
APP000829,0,0,0,0,0,0,低风险,0
APP000830,0,0,0,0,0,0,低风险,0
APP000831,0,0,0,1,0,1,低风险,0
APP000832,0,0,0,1,1,2,中风险,0
APP000833,0,0,0,1,0,1,低风险,0
APP000834,0,0,0,0,0,0,低风险,0
APP000835,0,0,0,0,0,0,低风险,0
APP000836,0,0,0,0,1,1,低风险,0
APP000837,1,0,0,1,1,3,高风险,1
APP000838,0,0,0,0,0,0,低风险,0
APP000839,0,0,0,0,1,1,低风险,0
APP000840,0,0,0,0,0,0,低风险,0
APP000841,0,0,0,1,0,1,低风险,0
APP000842,0,0,0,1,1,2,中风险,0
APP000843,0,0,0,0,1,1,低风险,0
APP000844,1,1,0,0,1,3,高风险,1
APP000845,0,0,0,0,0,0,低风险,0
APP000846,0,0,0,0,1,1,低风险,0
APP000847,0,0,0,1,0,1,低风险,0
APP000848,0,0,0,0,1,1,低风险,1
APP000849,0,0,0,1,0,1,低风险,0
APP000850,0,0,0,0,1,1,低风险,0
APP000851,0,0,0,1,1,2,中风险,0
APP000852,0,0,0,0,0,0,低风险,0
APP000853,0,0,0,1,0,1,低风险,0
APP000854,0,0,0,0,0,0,低风险,0
APP000855,0,0,0,1,1,2,中风险,0
APP000856,0,0,0,0,0,0,低风险,0
APP000857,0,0,0,0,0,0,低风险,0
APP000858,0,0,0,1,1,2,中风险,0
APP000859,0,0,0,1,0,1,低风险,0
APP000860,0,0,0,1,0,1,低风险,0
APP000861,0,0,0,1,1,2,中风险,0
APP000862,0,0,0,1,0,1,低风险,0
APP000863,0,0,0,0,0,0,低风险,0
APP000864,0,0,0,0,1,1,低风险,0
APP000865,0,0,0,0,0,0,低风险,0
APP000866,0,0,0,1,0,1,低风险,0
APP000867,0,0,0,0,0,0,低风险,0
APP000868,0,0,0,0,1,1,低风险,0
APP000869,0,0,0,0,0,0,低风险,0
APP000870,0,1,0,1,0,2,中风险,1
APP000871,0,0,0,0,0,0,低风险,0
APP000872,0,0,0,0,1,1,低风险,0
APP000873,0,0,0,0,0,0,低风险,0
APP000874,0,0,0,0,0,0,低风险,0
APP000875,0,0,0,0,0,0,低风险,0
APP000876,0,0,0,1,0,1,低风险,0
APP000877,0,0,0,1,1,2,中风险,0
APP000878,0,0,0,1,1,2,中风险,0
APP000879,0,0,0,0,0,0,低风险,0
APP000880,0,0,0,1,1,2,中风险,0
APP000881,0,0,0,0,0,0,低风险,0
APP000882,0,0,0,0,1,1,低风险,0
APP000883,0,0,0,1,0,1,低风险,0
APP000884,0,0,0,0,0,0,低风险,0
APP000885,0,0,0,0,0,0,低风险,0
APP000886,0,0,0,1,0,1,低风险,0
APP000887,0,0,0,0,1,1,低风险,0
APP000888,0,0,0,1,0,1,低风险,0
APP000889,0,0,0,0,1,1,低风险,0
APP000890,0,0,0,1,0,1,低风险,0
APP000891,0,0,0,0,0,0,低风险,0
APP000892,0,0,0,0,0,0,低风险,0
APP000893,0,0,0,1,0,1,低风险,0
APP000894,0,0,0,0,0,0,低风险,0
APP000895,0,0,0,0,0,0,低风险,0
APP000896,0,0,0,0,0,0,低风险,0
APP000897,0,0,0,0,0,0,低风险,0
APP000898,0,0,0,0,1,1,低风险,0
APP000899,0,0,0,0,0,0,低风险,0
APP000900,0,0,0,1,0,1,低风险,0
APP000901,0,0,0,0,1,1,低风险,0
APP000902,0,0,0,0,1,1,低风险,0
APP000903,0,0,0,0,1,1,低风险,0
APP000904,0,0,0,0,0,0,低风险,0
APP000905,0,0,0,1,1,2,中风险,0
APP000906,0,0,0,0,1,1,低风险,0
APP000907,0,0,0,1,1,2,中风险,0
APP000908,0,0,0,0,0,0,低风险,0
APP000909,0,0,0,1,0,1,低风险,0
APP000910,0,0,0,0,0,0,低风险,0
APP000911,0,0,0,1,0,1,低风险,0
APP000912,0,0,0,0,0,0,低风险,0
APP000913,0,0,0,0,1,1,低风险,0
APP000914,0,0,0,0,1,1,低风险,0
APP000915,0,0,0,0,1,1,低风险,0
APP000916,0,0,0,1,1,2,中风险,0
APP000917,0,0,0,0,0,0,低风险,0
APP000918,1,1,0,1,0,3,高风险,1
APP000919,0,0,0,1,0,1,低风险,0
APP000920,0,0,0,0,0,0,低风险,0
APP000921,0,0,0,1,0,1,低风险,0
APP000922,0,0,0,1,1,2,中风险,0
APP000923,0,0,0,0,1,1,低风险,0
APP000924,0,0,0,1,0,1,低风险,0
APP000925,0,0,0,0,0,0,低风险,0
APP000926,0,0,0,0,1,1,低风险,0
APP000927,0,0,0,0,0,0,低风险,0
APP000928,0,0,0,0,0,0,低风险,0
APP000929,0,0,0,1,0,1,低风险,0
APP000930,0,0,0,1,0,1,低风险,0
APP000931,0,0,0,0,0,0,低风险,0
APP000932,0,0,0,0,1,1,低风险,0
APP000933,1,0,0,1,1,3,高风险,1
APP000934,0,0,0,0,1,1,低风险,0
APP000935,0,0,0,0,0,0,低风险,0
APP000936,0,0,0,0,0,0,低风险,0
APP000937,0,0,0,1,0,1,低风险,0
APP000938,1,0,0,1,0,2,中风险,1
APP000939,0,0,0,1,0,1,低风险,0
APP000940,0,0,0,1,0,1,低风险,0
APP000941,0,0,0,0,0,0,低风险,0
APP000942,0,0,0,0,0,0,低风险,0
APP000943,0,0,0,1,0,1,低风险,0
APP000944,0,0,0,0,1,1,低风险,0
APP000945,0,0,0,1,0,1,低风险,0
APP000946,0,0,0,1,0,1,低风险,0
APP000947,0,0,0,1,1,2,中风险,0
APP000948,1,0,0,1,1,3,高风险,1
APP000949,0,0,0,1,0,1,低风险,0
APP000950,0,0,0,1,1,2,中风险,0
APP000951,0,0,0,0,0,0,低风险,0
APP000952,0,0,0,0,0,0,低风险,0
APP000953,0,0,0,0,0,0,低风险,0
APP000954,1,1,0,1,1,4,高风险,1
APP000955,0,0,0,0,0,0,低风险,0
APP000956,0,0,0,1,0,1,低风险,0
APP000957,0,0,0,0,0,0,低风险,0
APP000958,0,0,0,1,0,1,低风险,0
APP000959,0,0,0,0,0,0,低风险,0
APP000960,0,0,0,1,0,1,低风险,0
APP000961,0,0,0,0,0,0,低风险,0
APP000962,0,0,0,0,0,0,低风险,0
APP000963,0,0,0,0,0,0,低风险,0
APP000964,0,0,0,1,0,1,低风险,0
APP000965,0,0,0,0,1,1,低风险,0
APP000966,0,0,0,0,1,1,低风险,0
APP000967,0,0,0,1,0,1,低风险,0
APP000968,0,0,0,1,0,1,低风险,0
APP000969,0,0,0,1,0,1,低风险,0
APP000970,0,0,0,0,0,0,低风险,0
APP000971,0,0,0,0,1,1,低风险,0
APP000972,1,0,0,1,1,3,高风险,1
APP000973,0,0,0,0,1,1,低风险,0
APP000974,0,0,0,1,0,1,低风险,0
APP000975,0,0,0,0,0,0,低风险,0
APP000976,0,0,0,0,0,0,低风险,0
APP000977,0,0,0,0,0,0,低风险,0
APP000978,0,0,0,0,0,0,低风险,0
APP000979,0,0,0,0,0,0,低风险,0
APP000980,0,0,0,0,1,1,低风险,0
APP000981,0,0,0,1,1,2,中风险,0
APP000982,0,0,0,0,0,0,低风险,0
APP000983,0,0,0,1,0,1,低风险,0
APP000984,0,0,0,1,0,1,低风险,0
APP000985,0,0,0,0,0,0,低风险,0
APP000986,0,0,0,0,0,0,低风险,0
APP000987,0,0,0,1,0,1,低风险,0
APP000988,0,0,0,1,0,1,低风险,0
APP000989,0,0,0,1,1,2,中风险,0
APP000990,0,0,0,1,1,2,中风险,0
APP000991,0,0,0,1,0,1,低风险,0
APP000992,0,0,0,0,1,1,低风险,0
APP000993,0,0,0,0,1,1,低风险,0
APP000994,0,0,0,1,1,2,中风险,0
APP000995,0,0,0,0,0,0,低风险,0
APP000996,0,0,0,1,0,1,低风险,0
APP000997,1,0,0,0,0,1,低风险,1
APP000998,0,0,0,0,0,0,低风险,0
APP000999,1,0,0,1,1,3,高风险,1
APP001000,0,0,0,0,0,0,低风险,0
APP001001,0,0,0,0,1,1,低风险,0
APP001002,0,0,0,0,1,1,低风险,0
APP001003,0,0,0,1,0,1,低风险,0
APP001004,0,0,0,0,0,0,低风险,0
APP001005,0,0,0,1,0,1,低风险,0
APP001006,0,0,0,0,0,0,低风险,0
APP001007,0,0,0,1,0,1,低风险,0
APP001008,0,0,0,1,1,2,中风险,0
APP001009,0,0,0,0,1,1,低风险,0
APP001010,0,0,0,0,1,1,低风险,0
APP001011,0,0,0,0,1,1,低风险,0
APP001012,1,0,0,1,0,2,中风险,1
APP001013,1,1,0,1,1,4,高风险,1
APP001014,0,0,0,1,1,2,中风险,0
APP001015,0,0,0,0,0,0,低风险,0
APP001016,1,0,0,0,0,1,低风险,1
APP001017,0,0,0,0,1,1,低风险,0
APP001018,0,0,0,0,1,1,低风险,0
APP001019,1,1,0,1,1,4,高风险,1
APP001020,0,0,0,1,0,1,低风险,0
APP001021,0,0,0,1,0,1,低风险,0
APP001022,0,0,0,0,0,0,低风险,0
APP001023,1,1,0,1,0,3,高风险,1
APP001024,0,0,0,1,0,1,低风险,1
APP001025,1,0,0,1,1,3,高风险,1
APP001026,0,0,0,0,0,0,低风险,0
APP001027,0,0,0,0,1,1,低风险,0
APP001028,0,0,0,0,0,0,低风险,0
APP001029,0,0,0,1,0,1,低风险,0
APP001030,0,0,0,0,1,1,低风险,0
APP001031,0,0,0,0,0,0,低风险,0
APP001032,0,0,0,0,1,1,低风险,0
APP001033,0,0,0,0,0,0,低风险,0
APP001034,0,0,0,1,0,1,低风险,0
APP001035,0,0,0,0,0,0,低风险,0
APP001036,0,0,0,0,0,0,低风险,0
APP001037,0,0,0,1,1,2,中风险,0
APP001038,0,0,0,1,0,1,低风险,0
APP001039,0,0,0,1,0,1,低风险,0
APP001040,0,0,0,1,0,1,低风险,0
APP001041,0,0,0,1,0,1,低风险,0
APP001042,0,0,0,0,0,0,低风险,0
APP001043,0,0,0,0,0,0,低风险,0
APP001044,0,0,0,1,1,2,中风险,0
APP001045,0,0,0,1,0,1,低风险,0
APP001046,0,0,0,1,0,1,低风险,0
APP001047,0,0,0,0,0,0,低风险,0
APP001048,0,0,0,0,1,1,低风险,0
APP001049,0,0,0,0,1,1,低风险,0
APP001050,0,0,0,0,0,0,低风险,0
APP001051,0,0,0,0,0,0,低风险,0
APP001052,0,0,0,1,0,1,低风险,0
APP001053,1,1,0,0,0,2,中风险,1
APP001054,0,0,0,0,0,0,低风险,0
APP001055,1,1,0,1,1,4,高风险,1
APP001056,0,0,0,1,1,2,中风险,0
APP001057,0,0,0,0,0,0,低风险,0
APP001058,0,0,0,0,1,1,低风险,0
APP001059,0,0,0,0,0,0,低风险,0
APP001060,0,0,0,0,0,0,低风险,0
APP001061,0,0,0,1,0,1,低风险,0
APP001062,1,0,0,1,1,3,高风险,1
APP001063,0,0,0,0,0,0,低风险,0
APP001064,0,0,0,0,0,0,低风险,0
APP001065,0,0,0,1,1,2,中风险,0
APP001066,0,0,0,0,0,0,低风险,0
APP001067,0,0,0,0,1,1,低风险,0
APP001068,0,0,0,0,0,0,低风险,0
APP001069,0,0,0,1,1,2,中风险,0
APP001070,0,0,0,0,1,1,低风险,0
APP001071,0,0,0,0,0,0,低风险,0
APP001072,0,0,0,1,0,1,低风险,0
APP001073,0,0,0,0,0,0,低风险,0
APP001074,0,0,0,0,1,1,低风险,0
APP001075,1,0,0,1,1,3,高风险,1
APP001076,0,0,0,0,1,1,低风险,0
APP001077,0,0,0,1,0,1,低风险,0
APP001078,0,0,0,0,0,0,低风险,0
APP001079,0,0,0,0,0,0,低风险,0
APP001080,1,0,1,1,0,3,高风险,1
APP001081,0,0,0,0,0,0,低风险,0
APP001082,0,0,0,0,0,0,低风险,0
APP001083,0,0,0,1,0,1,低风险,0
APP001084,0,0,0,0,0,0,低风险,0
APP001085,0,0,0,0,1,1,低风险,1
APP001086,0,0,0,0,1,1,低风险,0
APP001087,0,0,0,1,0,1,低风险,0
APP001088,0,0,0,0,0,0,低风险,0
APP001089,1,0,0,1,1,3,高风险,1
APP001090,0,0,0,0,1,1,低风险,0
APP001091,1,0,0,0,1,2,中风险,1
APP001092,0,0,0,0,0,0,低风险,0
APP001093,0,0,0,1,0,1,低风险,0
APP001094,0,0,0,0,1,1,低风险,0
APP001095,0,0,0,0,0,0,低风险,0
APP001096,0,0,0,0,0,0,低风险,0
APP001097,0,0,0,1,0,1,低风险,0
APP001098,0,0,0,0,1,1,低风险,0
APP001099,0,0,0,0,1,1,低风险,0
APP001100,0,0,0,0,0,0,低风险,0
APP001101,0,0,0,0,1,1,低风险,0
APP001102,1,0,0,1,1,3,高风险,1
APP001103,0,0,0,0,0,0,低风险,0
APP001104,1,0,0,1,1,3,高风险,1
APP001105,1,1,0,1,1,4,高风险,1
APP001106,0,0,0,0,1,1,低风险,0
APP001107,0,0,0,0,1,1,低风险,0
APP001108,0,0,0,0,1,1,低风险,0
APP001109,0,0,0,1,0,1,低风险,0
APP001110,0,0,0,1,0,1,低风险,0
APP001111,0,0,0,1,0,1,低风险,0
APP001112,0,0,0,1,0,1,低风险,0
APP001113,0,0,0,1,0,1,低风险,0
APP001114,0,0,0,1,1,2,中风险,0
APP001115,0,0,0,0,0,0,低风险,0
APP001116,0,0,0,1,0,1,低风险,0
APP001117,0,0,0,0,0,0,低风险,0
APP001118,0,0,0,0,1,1,低风险,0
APP001119,0,0,0,1,0,1,低风险,0
APP001120,0,0,0,0,0,0,低风险,0
APP001121,0,0,0,0,0,0,低风险,0
APP001122,1,0,0,1,1,3,高风险,1
APP001123,0,0,0,0,0,0,低风险,0
APP001124,0,0,0,0,0,0,低风险,0
APP001125,0,0,0,1,0,1,低风险,0
APP001126,0,0,0,1,0,1,低风险,0
APP001127,0,0,0,0,1,1,低风险,0
APP001128,0,0,0,0,1,1,低风险,0
APP001129,0,0,0,0,0,0,低风险,0
APP001130,0,0,0,1,0,1,低风险,0
APP001131,0,0,0,0,1,1,低风险,0
APP001132,0,0,0,0,0,0,低风险,0
APP001133,0,0,0,0,0,0,低风险,0
APP001134,0,0,0,0,1,1,低风险,0
APP001135,0,0,0,1,0,1,低风险,0
APP001136,0,0,0,0,0,0,低风险,0
APP001137,0,0,0,1,0,1,低风险,0
APP001138,0,0,0,0,0,0,低风险,0
APP001139,0,0,0,1,0,1,低风险,0
APP001140,0,0,0,1,1,2,中风险,0
APP001141,0,0,0,0,0,0,低风险,0
APP001142,0,0,0,0,1,1,低风险,0
APP001143,0,0,0,0,0,0,低风险,0
APP001144,0,0,0,1,1,2,中风险,0
APP001145,0,0,0,0,0,0,低风险,0
APP001146,0,0,0,1,0,1,低风险,0
APP001147,0,0,0,1,0,1,低风险,0
APP001148,0,0,0,1,1,2,中风险,0
APP001149,0,0,0,1,0,1,低风险,0
APP001150,0,0,0,0,0,0,低风险,0
APP001151,0,0,0,0,0,0,低风险,0
APP001152,0,0,0,0,1,1,低风险,0
APP001153,0,0,0,1,0,1,低风险,0
APP001154,0,0,0,1,0,1,低风险,0
APP001155,0,0,0,1,1,2,中风险,0
APP001156,0,0,0,0,0,0,低风险,0
APP001157,0,0,0,0,0,0,低风险,0
APP001158,0,0,0,1,0,1,低风险,0
APP001159,0,0,0,0,0,0,低风险,0
APP001160,0,0,0,0,0,0,低风险,0
APP001161,0,0,0,1,0,1,低风险,0
APP001162,0,0,0,0,0,0,低风险,0
APP001163,0,0,0,0,0,0,低风险,0
APP001164,0,0,0,0,0,0,低风险,0
APP001165,0,0,0,0,0,0,低风险,0
APP001166,0,0,0,1,1,2,中风险,0
APP001167,0,0,0,0,0,0,低风险,0
APP001168,0,0,0,0,0,0,低风险,0
APP001169,0,0,0,0,1,1,低风险,0
APP001170,0,0,0,1,1,2,中风险,0
APP001171,0,0,0,0,0,0,低风险,0
APP001172,0,1,0,1,0,2,中风险,1
APP001173,0,0,0,0,0,0,低风险,0
APP001174,0,0,0,0,0,0,低风险,0
APP001175,0,0,0,0,1,1,低风险,0
APP001176,0,0,0,1,0,1,低风险,0
APP001177,0,0,0,1,0,1,低风险,0
APP001178,0,0,0,0,0,0,低风险,0
APP001179,0,0,0,0,1,1,低风险,0
APP001180,0,0,0,1,0,1,低风险,0
APP001181,1,0,0,1,1,3,高风险,1
APP001182,0,0,0,1,0,1,低风险,0
APP001183,0,0,0,0,0,0,低风险,0
APP001184,1,0,0,1,0,2,中风险,1
APP001185,0,0,0,1,1,2,中风险,0
APP001186,1,0,0,1,0,2,中风险,1
APP001187,0,0,0,1,0,1,低风险,0
APP001188,0,0,0,0,0,0,低风险,0
APP001189,0,0,0,1,0,1,低风险,0
APP001190,0,0,0,0,0,0,低风险,0
APP001191,0,0,0,0,0,0,低风险,0
APP001192,0,0,0,1,0,1,低风险,0
APP001193,0,0,0,1,0,1,低风险,0
APP001194,0,0,0,1,1,2,中风险,0
APP001195,0,0,0,0,0,0,低风险,0
APP001196,0,0,0,1,0,1,低风险,0
APP001197,1,0,0,1,1,3,高风险,1
APP001198,1,0,0,0,0,1,低风险,1
APP001199,0,0,0,0,0,0,低风险,0
APP001200,0,0,0,0,0,0,低风险,0
APP001201,0,0,0,0,0,0,低风险,0
APP001202,0,0,0,1,1,2,中风险,0
APP001203,0,0,0,1,0,1,低风险,0
APP001204,0,0,0,1,1,2,中风险,0
APP001205,0,0,0,1,0,1,低风险,0
APP001206,0,0,0,0,1,1,低风险,0
APP001207,0,0,0,1,1,2,中风险,0
APP001208,0,0,0,0,0,0,低风险,0
APP001209,0,0,0,1,0,1,低风险,0
APP001210,1,0,0,0,0,1,低风险,1
APP001211,0,0,0,1,0,1,低风险,0
APP001212,0,0,0,0,1,1,低风险,0
APP001213,0,0,0,0,1,1,低风险,0
APP001214,0,0,0,1,0,1,低风险,0
APP001215,0,0,0,0,1,1,低风险,0
APP001216,0,0,0,1,0,1,低风险,0
APP001217,0,0,0,0,0,0,低风险,0
APP001218,0,0,0,1,0,1,低风险,0
APP001219,0,0,0,0,0,0,低风险,0
APP001220,0,0,0,0,0,0,低风险,0
APP001221,1,0,0,1,0,2,中风险,1
APP001222,0,0,0,0,1,1,低风险,0
APP001223,0,0,0,0,1,1,低风险,0
APP001224,1,1,0,1,1,4,高风险,1
APP001225,0,0,0,0,0,0,低风险,0
APP001226,0,0,0,0,0,0,低风险,0
APP001227,0,0,0,0,0,0,低风险,0
APP001228,0,0,0,1,1,2,中风险,0
APP001229,1,1,1,0,0,3,高风险,1
APP001230,0,0,0,0,0,0,低风险,0
APP001231,0,0,0,1,1,2,中风险,0
APP001232,0,0,0,0,0,0,低风险,0
APP001233,0,0,0,1,1,2,中风险,0
APP001234,0,0,0,0,0,0,低风险,0
APP001235,0,0,0,0,0,0,低风险,0
APP001236,0,0,0,0,0,0,低风险,0
APP001237,0,0,0,1,0,1,低风险,0
APP001238,0,0,0,1,0,1,低风险,0
APP001239,1,0,0,0,0,1,低风险,1
APP001240,0,0,0,0,0,0,低风险,0
APP001241,0,0,0,1,0,1,低风险,0
APP001242,0,0,0,0,0,0,低风险,0
APP001243,0,0,0,0,1,1,低风险,0
APP001244,0,0,0,1,0,1,低风险,0
APP001245,0,0,0,1,1,2,中风险,0
APP001246,0,0,0,0,1,1,低风险,0
APP001247,0,0,0,1,0,1,低风险,0
APP001248,0,0,0,1,0,1,低风险,0
APP001249,1,0,0,1,1,3,高风险,1
APP001250,0,0,0,0,0,0,低风险,0
APP001251,0,0,0,0,0,0,低风险,0
APP001252,0,0,0,1,0,1,低风险,0
APP001253,0,0,0,1,1,2,中风险,0
APP001254,0,0,0,0,0,0,低风险,0
APP001255,0,0,0,1,0,1,低风险,0
APP001256,0,0,0,0,0,0,低风险,0
APP001257,0,0,0,0,1,1,低风险,0
APP001258,0,0,0,0,1,1,低风险,0
APP001259,0,0,0,0,0,0,低风险,0
APP001260,0,0,0,1,0,1,低风险,0
APP001261,0,0,0,0,1,1,低风险,0
APP001262,0,0,0,1,1,2,中风险,0
APP001263,0,0,0,0,0,0,低风险,0
APP001264,0,0,0,0,1,1,低风险,0
APP001265,0,0,0,1,0,1,低风险,0
APP001266,0,0,0,0,1,1,低风险,0
APP001267,0,0,0,0,1,1,低风险,0
APP001268,0,0,0,0,0,0,低风险,0
APP001269,0,0,0,1,0,1,低风险,0
APP001270,0,0,0,0,0,0,低风险,0
APP001271,0,0,0,0,0,0,低风险,0
APP001272,0,0,0,0,0,0,低风险,0
APP001273,0,0,0,0,0,0,低风险,0
APP001274,0,0,0,1,1,2,中风险,0
APP001275,0,0,0,0,0,0,低风险,0
APP001276,0,0,0,0,0,0,低风险,0
APP001277,0,0,0,0,0,0,低风险,0
APP001278,1,0,0,1,1,3,高风险,1
APP001279,0,0,0,1,0,1,低风险,0
APP001280,0,0,0,0,0,0,低风险,0
APP001281,0,0,0,1,0,1,低风险,0
APP001282,0,0,0,0,1,1,低风险,0
APP001283,0,0,0,0,1,1,低风险,0
APP001284,0,0,0,1,0,1,低风险,0
APP001285,0,0,0,0,1,1,低风险,0
APP001286,0,0,0,1,0,1,低风险,0
APP001287,0,0,0,1,0,1,低风险,0
APP001288,0,0,0,0,1,1,低风险,0
APP001289,0,0,0,0,0,0,低风险,0
APP001290,0,0,0,1,0,1,低风险,0
APP001291,0,0,0,0,0,0,低风险,0
APP001292,0,0,0,0,1,1,低风险,0
APP001293,0,0,0,0,1,1,低风险,0
APP001294,0,0,0,0,0,0,低风险,0
APP001295,0,0,0,1,1,2,中风险,0
APP001296,0,0,0,0,0,0,低风险,0
APP001297,0,0,0,0,1,1,低风险,0
APP001298,0,0,0,1,0,1,低风险,0
APP001299,0,0,0,0,0,0,低风险,0
APP001300,0,0,0,0,0,0,低风险,0
APP001301,0,0,0,1,1,2,中风险,0
APP001302,1,0,0,0,1,2,中风险,1
APP001303,0,0,0,1,1,2,中风险,0
APP001304,0,0,0,1,0,1,低风险,0
APP001305,0,0,0,0,1,1,低风险,0
APP001306,0,0,0,0,0,0,低风险,0
APP001307,0,0,0,0,0,0,低风险,0
APP001308,0,0,0,0,1,1,低风险,0
APP001309,0,0,0,1,0,1,低风险,0
APP001310,0,0,0,1,1,2,中风险,0
APP001311,0,0,0,0,0,0,低风险,0
APP001312,0,0,0,1,0,1,低风险,0
APP001313,0,0,0,1,0,1,低风险,0
APP001314,0,0,0,1,0,1,低风险,0
APP001315,0,0,0,0,1,1,低风险,0
APP001316,0,0,0,0,0,0,低风险,0
APP001317,0,0,0,0,1,1,低风险,0
APP001318,0,0,0,1,0,1,低风险,0
APP001319,0,0,0,0,0,0,低风险,0
APP001320,0,0,0,0,0,0,低风险,0
APP001321,0,0,0,0,1,1,低风险,0
APP001322,0,0,0,0,0,0,低风险,0
APP001323,0,0,0,0,0,0,低风险,0
APP001324,0,0,0,1,0,1,低风险,0
APP001325,1,0,0,0,1,2,中风险,1
APP001326,0,0,0,0,1,1,低风险,0
APP001327,0,0,0,0,1,1,低风险,0
APP001328,0,0,0,0,0,0,低风险,0
APP001329,0,0,0,0,1,1,低风险,0
APP001330,0,0,0,0,0,0,低风险,0
APP001331,0,0,0,0,1,1,低风险,0
APP001332,0,0,0,0,0,0,低风险,0
APP001333,0,0,0,0,0,0,低风险,0
APP001334,1,0,0,1,1,3,高风险,1
APP001335,0,1,0,1,1,3,高风险,1
APP001336,0,0,0,1,1,2,中风险,0
APP001337,0,0,0,0,1,1,低风险,0
APP001338,0,0,0,0,1,1,低风险,0
APP001339,0,0,0,1,0,1,低风险,0
APP001340,0,0,0,0,0,0,低风险,0
APP001341,0,0,0,1,0,1,低风险,0
APP001342,0,0,0,1,0,1,低风险,0
APP001343,0,0,0,0,0,0,低风险,0
APP001344,0,0,0,0,0,0,低风险,0
APP001345,0,0,0,1,0,1,低风险,0
APP001346,0,0,0,0,1,1,低风险,0
APP001347,0,0,0,0,0,0,低风险,0
APP001348,0,0,0,0,0,0,低风险,0
APP001349,1,1,0,1,0,3,高风险,1
APP001350,0,0,0,1,0,1,低风险,0
APP001351,0,0,0,1,0,1,低风险,0
APP001352,0,0,0,1,1,2,中风险,0
APP001353,0,0,0,0,0,0,低风险,0
APP001354,0,0,0,0,0,0,低风险,0
APP001355,0,0,0,0,1,1,低风险,0
APP001356,0,0,0,0,0,0,低风险,0
APP001357,1,1,0,0,0,2,中风险,1
APP001358,0,0,0,1,0,1,低风险,0
APP001359,0,0,0,1,1,2,中风险,0
APP001360,0,0,0,0,0,0,低风险,0
APP001361,1,0,1,1,0,3,高风险,1
APP001362,0,0,0,0,0,0,低风险,0
APP001363,0,0,0,0,0,0,低风险,0
APP001364,0,0,0,1,0,1,低风险,0
APP001365,0,0,0,0,0,0,低风险,0
APP001366,0,0,0,1,0,1,低风险,0
APP001367,0,0,0,1,0,1,低风险,0
APP001368,1,0,0,1,1,3,高风险,1
APP001369,0,0,0,1,1,2,中风险,0
APP001370,0,0,0,0,0,0,低风险,0
APP001371,1,0,0,1,0,2,中风险,1
APP001372,0,0,0,0,0,0,低风险,0
APP001373,0,0,0,0,1,1,低风险,0
APP001374,0,0,0,1,0,1,低风险,0
APP001375,0,0,0,0,1,1,低风险,0
APP001376,0,0,0,1,1,2,中风险,0
APP001377,0,0,0,0,0,0,低风险,0
APP001378,0,0,0,0,0,0,低风险,0
APP001379,0,0,0,1,0,1,低风险,0
APP001380,0,0,0,0,1,1,低风险,0
APP001381,0,0,0,0,0,0,低风险,0
APP001382,0,0,0,0,1,1,低风险,0
APP001383,1,1,0,1,0,3,高风险,1
APP001384,0,0,0,0,0,0,低风险,0
APP001385,0,0,0,1,0,1,低风险,0
APP001386,0,0,0,0,0,0,低风险,0
APP001387,0,0,0,0,1,1,低风险,0
APP001388,0,0,0,1,0,1,低风险,0
APP001389,1,0,0,1,1,3,高风险,1
APP001390,0,0,0,1,0,1,低风险,0
APP001391,0,0,0,0,0,0,低风险,0
APP001392,0,0,0,0,1,1,低风险,0
APP001393,0,0,0,1,0,1,低风险,0
APP001394,0,0,0,0,0,0,低风险,0
APP001395,0,0,0,1,1,2,中风险,0
APP001396,0,0,0,0,1,1,低风险,0
APP001397,0,0,0,0,1,1,低风险,0
APP001398,0,0,0,0,0,0,低风险,0
APP001399,0,0,0,0,0,0,低风险,0
APP001400,0,0,0,1,1,2,中风险,0
APP001401,0,0,0,0,1,1,低风险,0
APP001402,0,0,0,1,0,1,低风险,0
APP001403,0,0,0,1,0,1,低风险,0
APP001404,0,0,0,0,0,0,低风险,0
APP001405,0,0,0,0,0,0,低风险,0
APP001406,0,0,0,1,1,2,中风险,0
APP001407,0,0,0,1,0,1,低风险,0
APP001408,0,0,0,0,0,0,低风险,0
APP001409,0,0,0,0,1,1,低风险,0
APP001410,0,0,0,0,0,0,低风险,0
APP001411,0,0,0,1,0,1,低风险,0
APP001412,0,0,0,0,0,0,低风险,0
APP001413,0,0,0,1,1,2,中风险,0
APP001414,0,0,0,0,0,0,低风险,0
APP001415,0,0,0,0,0,0,低风险,0
APP001416,1,0,0,1,1,3,高风险,1
APP001417,0,0,0,0,0,0,低风险,0
APP001418,0,0,0,0,1,1,低风险,0
APP001419,0,0,0,0,1,1,低风险,0
APP001420,1,0,0,1,0,2,中风险,1
APP001421,0,0,0,0,1,1,低风险,0
APP001422,0,0,0,0,0,0,低风险,0
APP001423,0,0,0,1,0,1,低风险,0
APP001424,0,0,0,0,0,0,低风险,0
APP001425,1,0,0,1,1,3,高风险,1
APP001426,0,0,1,1,1,3,高风险,1
APP001427,0,0,0,1,1,2,中风险,0
APP001428,1,0,0,0,1,2,中风险,1
APP001429,0,0,0,1,0,1,低风险,0
APP001430,0,0,0,1,0,1,低风险,0
APP001431,0,0,0,1,1,2,中风险,0
APP001432,0,0,0,0,0,0,低风险,0
APP001433,0,0,0,1,1,2,中风险,0
APP001434,0,0,0,0,1,1,低风险,0
APP001435,0,0,0,0,1,1,低风险,0
APP001436,0,0,0,1,0,1,低风险,0
APP001437,0,0,0,0,1,1,低风险,0
APP001438,0,0,0,1,1,2,中风险,0
APP001439,0,0,0,0,1,1,低风险,0
APP001440,0,0,0,1,1,2,中风险,0
APP001441,1,0,0,1,1,3,高风险,1
APP001442,0,0,0,0,1,1,低风险,0
APP001443,0,0,0,0,1,1,低风险,0
APP001444,0,0,0,1,0,1,低风险,0
APP001445,0,0,0,0,0,0,低风险,0
APP001446,0,0,0,0,0,0,低风险,0
APP001447,0,0,0,0,0,0,低风险,0
APP001448,0,0,0,1,1,2,中风险,0
APP001449,1,0,0,1,0,2,中风险,1
APP001450,0,0,0,0,1,1,低风险,0
APP001451,0,0,0,0,0,0,低风险,0
APP001452,0,0,0,0,0,0,低风险,0
APP001453,0,0,0,0,1,1,低风险,0
APP001454,0,0,0,0,0,0,低风险,0
APP001455,0,0,0,1,0,1,低风险,0
APP001456,1,1,0,0,0,2,中风险,1
APP001457,0,0,0,0,0,0,低风险,0
APP001458,0,0,0,0,0,0,低风险,0
APP001459,0,0,0,1,1,2,中风险,0
APP001460,0,0,0,1,1,2,中风险,0
APP001461,0,0,0,1,0,1,低风险,0
APP001462,0,0,0,0,0,0,低风险,0
APP001463,0,0,0,0,0,0,低风险,0
APP001464,0,0,0,0,0,0,低风险,0
APP001465,1,0,0,1,1,3,高风险,1
APP001466,0,0,0,0,0,0,低风险,0
APP001467,1,1,0,1,0,3,高风险,1
APP001468,0,0,0,1,0,1,低风险,0
APP001469,0,0,0,1,0,1,低风险,0
APP001470,0,0,0,0,0,0,低风险,0
APP001471,0,0,0,1,0,1,低风险,0
APP001472,0,0,0,0,1,1,低风险,0
APP001473,0,0,0,0,0,0,低风险,0
APP001474,0,0,0,1,0,1,低风险,0
APP001475,0,0,0,0,0,0,低风险,0
APP001476,0,0,0,0,0,0,低风险,0
APP001477,0,0,0,0,0,0,低风险,0
APP001478,0,0,0,1,1,2,中风险,0
APP001479,0,0,0,1,0,1,低风险,0
APP001480,0,0,0,0,0,0,低风险,0
APP001481,0,0,0,1,0,1,低风险,0
APP001482,0,0,0,0,1,1,低风险,0
APP001483,0,0,0,0,0,0,低风险,0
APP001484,0,0,0,1,0,1,低风险,0
APP001485,0,0,0,1,0,1,低风险,0
APP001486,0,0,0,1,0,1,低风险,0
APP001487,0,0,0,0,0,0,低风险,0
APP001488,0,0,0,1,0,1,低风险,0
APP001489,0,0,0,1,0,1,低风险,0
APP001490,0,0,0,1,0,1,低风险,0
APP001491,0,0,0,0,1,1,低风险,0
APP001492,0,0,0,1,0,1,低风险,0
APP001493,0,0,0,0,0,0,低风险,0
APP001494,0,0,0,0,0,0,低风险,0
APP001495,0,0,0,0,0,0,低风险,0
APP001496,0,0,0,0,1,1,低风险,0
APP001497,0,0,0,0,1,1,低风险,0
APP001498,0,0,0,1,0,1,低风险,0
APP001499,0,0,0,0,1,1,低风险,0
APP001500,0,0,0,1,0,1,低风险,0
APP001501,0,0,0,0,0,0,低风险,0
APP001502,0,0,0,0,0,0,低风险,0
APP001503,0,0,0,0,1,1,低风险,0
APP001504,0,0,0,0,1,1,低风险,0
APP001505,0,0,0,0,0,0,低风险,0
APP001506,0,0,0,0,0,0,低风险,0
APP001507,0,0,0,0,0,0,低风险,0
APP001508,0,0,0,0,0,0,低风险,0
APP001509,0,0,0,0,0,0,低风险,0
APP001510,0,0,0,0,0,0,低风险,0
APP001511,0,0,0,0,0,0,低风险,0
APP001512,0,0,0,1,0,1,低风险,0
APP001513,1,1,0,1,1,4,高风险,1
APP001514,0,0,0,1,1,2,中风险,0
APP001515,0,0,0,0,0,0,低风险,0
APP001516,0,0,0,1,0,1,低风险,0
APP001517,0,0,0,1,1,2,中风险,0
APP001518,0,0,0,1,1,2,中风险,0
APP001519,0,0,0,0,0,0,低风险,0
APP001520,1,0,0,1,1,3,高风险,1
APP001521,0,0,0,1,0,1,低风险,0
APP001522,1,1,0,1,1,4,高风险,1
APP001523,0,0,0,1,0,1,低风险,0
APP001524,0,0,0,0,0,0,低风险,0
APP001525,0,0,0,0,0,0,低风险,0
APP001526,0,0,0,0,0,0,低风险,0
APP001527,0,0,0,1,0,1,低风险,0
APP001528,0,0,0,0,0,0,低风险,0
APP001529,0,0,0,0,0,0,低风险,0
APP001530,0,0,0,0,1,1,低风险,0
APP001531,0,0,0,0,1,1,低风险,0
APP001532,0,0,0,0,1,1,低风险,0
APP001533,0,0,0,1,1,2,中风险,0
APP001534,0,0,0,1,0,1,低风险,0
APP001535,0,0,0,0,0,0,低风险,0
APP001536,0,0,0,0,0,0,低风险,0
APP001537,0,0,0,0,0,0,低风险,0
APP001538,0,0,0,1,0,1,低风险,0
APP001539,0,0,0,0,0,0,低风险,0
APP001540,0,0,0,0,0,0,低风险,0
APP001541,0,0,0,0,1,1,低风险,0
APP001542,0,0,0,1,1,2,中风险,0
APP001543,0,0,0,1,0,1,低风险,0
APP001544,0,0,0,1,0,1,低风险,0
APP001545,1,0,0,1,1,3,高风险,1
APP001546,0,0,0,0,1,1,低风险,0
APP001547,0,0,0,0,0,0,低风险,0
APP001548,0,0,0,0,1,1,低风险,0
APP001549,0,0,0,0,0,0,低风险,0
APP001550,0,0,0,0,0,0,低风险,0
APP001551,1,0,0,1,0,2,中风险,1
APP001552,0,0,0,0,0,0,低风险,0
APP001553,0,0,0,1,0,1,低风险,0
APP001554,0,0,0,1,0,1,低风险,0
APP001555,0,0,0,1,0,1,低风险,0
APP001556,0,0,0,1,0,1,低风险,0
APP001557,0,0,0,0,1,1,低风险,0
APP001558,0,0,0,1,0,1,低风险,0
APP001559,0,0,0,0,0,0,低风险,0
APP001560,1,1,0,1,0,3,高风险,1
APP001561,0,0,0,0,0,0,低风险,0
APP001562,0,0,0,1,0,1,低风险,0
APP001563,0,0,0,0,1,1,低风险,0
APP001564,0,0,0,0,0,0,低风险,0
APP001565,0,0,0,1,0,1,低风险,0
APP001566,0,0,0,0,0,0,低风险,0
APP001567,0,0,0,1,0,1,低风险,0
APP001568,0,0,0,1,1,2,中风险,0
APP001569,0,0,0,1,0,1,低风险,0
APP001570,0,0,0,1,1,2,中风险,0
APP001571,0,0,0,1,0,1,低风险,0
APP001572,0,0,0,0,0,0,低风险,0
APP001573,0,0,0,1,1,2,中风险,0
APP001574,0,0,0,1,0,1,低风险,0
APP001575,0,0,0,1,1,2,中风险,0
APP001576,0,0,0,0,1,1,低风险,0
APP001577,0,0,0,1,0,1,低风险,0
APP001578,0,0,0,1,0,1,低风险,0
APP001579,0,0,0,1,0,1,低风险,0
APP001580,0,0,0,0,0,0,低风险,0
APP001581,0,0,0,0,0,0,低风险,0
APP001582,0,0,0,0,0,0,低风险,0
APP001583,0,0,0,1,1,2,中风险,0
APP001584,0,0,0,1,1,2,中风险,0
APP001585,1,1,0,1,1,4,高风险,1
APP001586,0,0,0,0,0,0,低风险,0
APP001587,0,0,0,0,0,0,低风险,0
APP001588,0,0,0,0,0,0,低风险,0
APP001589,0,0,0,1,0,1,低风险,0
APP001590,0,0,0,1,1,2,中风险,0
APP001591,0,0,0,0,1,1,低风险,0
APP001592,1,0,0,1,0,2,中风险,1
APP001593,0,0,0,0,0,0,低风险,0
APP001594,0,0,0,1,0,1,低风险,0
APP001595,0,0,0,0,1,1,低风险,0
APP001596,0,0,0,0,0,0,低风险,0
APP001597,0,0,0,0,1,1,低风险,0
APP001598,0,0,0,1,1,2,中风险,0
APP001599,0,0,0,1,0,1,低风险,0
APP001600,0,0,0,1,1,2,中风险,0
APP001601,0,0,0,0,0,0,低风险,0
APP001602,0,0,0,0,1,1,低风险,0
APP001603,0,0,0,0,0,0,低风险,0
APP001604,0,0,0,1,0,1,低风险,0
APP001605,0,0,0,0,0,0,低风险,0
APP001606,0,0,0,0,0,0,低风险,0
APP001607,0,0,0,1,1,2,中风险,0
APP001608,0,0,0,1,0,1,低风险,0
APP001609,0,0,0,0,0,0,低风险,0
APP001610,0,0,0,0,1,1,低风险,0
APP001611,0,0,0,0,0,0,低风险,0
APP001612,0,0,0,1,1,2,中风险,0
APP001613,0,0,0,1,0,1,低风险,0
APP001614,0,0,0,0,0,0,低风险,0
APP001615,0,0,0,0,1,1,低风险,0
APP001616,0,0,0,1,0,1,低风险,0
APP001617,1,0,0,1,1,3,高风险,1
APP001618,0,0,0,0,0,0,低风险,0
APP001619,0,0,0,0,0,0,低风险,0
APP001620,0,0,0,0,0,0,低风险,0
APP001621,0,0,0,0,0,0,低风险,0
APP001622,0,0,0,1,0,1,低风险,0
APP001623,0,0,0,1,1,2,中风险,0
APP001624,1,0,1,1,0,3,高风险,1
APP001625,0,0,0,0,0,0,低风险,0
APP001626,0,0,0,1,0,1,低风险,0
APP001627,0,0,0,0,0,0,低风险,0
APP001628,0,0,0,0,0,0,低风险,0
APP001629,0,0,0,0,0,0,低风险,0
APP001630,0,0,0,0,0,0,低风险,0
APP001631,0,0,0,1,0,1,低风险,0
APP001632,0,0,0,0,0,0,低风险,0
APP001633,0,0,0,0,0,0,低风险,0
APP001634,0,0,0,0,0,0,低风险,0
APP001635,1,0,0,0,0,1,低风险,1
APP001636,0,0,0,0,1,1,低风险,0
APP001637,0,0,0,0,0,0,低风险,0
APP001638,0,0,0,1,0,1,低风险,0
APP001639,1,0,0,0,1,2,中风险,1
APP001640,1,1,0,0,1,3,高风险,1
APP001641,0,0,0,0,0,0,低风险,0
APP001642,0,0,0,1,0,1,低风险,0
APP001643,0,0,0,0,0,0,低风险,0
APP001644,0,0,0,0,1,1,低风险,0
APP001645,0,0,0,0,1,1,低风险,0
APP001646,0,0,0,0,0,0,低风险,0
APP001647,0,0,0,0,0,0,低风险,0
APP001648,0,0,0,1,1,2,中风险,0
APP001649,0,0,0,1,0,1,低风险,0
APP001650,0,0,0,0,0,0,低风险,0
APP001651,0,0,0,1,1,2,中风险,0
APP001652,0,0,0,1,1,2,中风险,0
APP001653,0,0,0,0,1,1,低风险,0
APP001654,0,0,0,0,0,0,低风险,0
APP001655,0,0,0,0,0,0,低风险,0
APP001656,1,0,0,0,0,1,低风险,1
APP001657,0,0,0,1,0,1,低风险,0
APP001658,0,0,0,1,0,1,低风险,0
APP001659,0,0,0,1,0,1,低风险,0
APP001660,0,0,0,1,0,1,低风险,0
APP001661,0,0,0,0,1,1,低风险,0
APP001662,0,0,0,0,0,0,低风险,0
APP001663,1,0,0,1,0,2,中风险,1
APP001664,0,0,0,0,0,0,低风险,0
APP001665,1,1,0,1,1,4,高风险,1
APP001666,0,0,0,1,1,2,中风险,0
APP001667,0,0,0,1,0,1,低风险,0
APP001668,1,0,0,1,0,2,中风险,1
APP001669,0,0,0,0,0,0,低风险,0
APP001670,0,0,0,1,0,1,低风险,0
APP001671,0,0,0,1,0,1,低风险,0
APP001672,0,0,0,0,0,0,低风险,0
APP001673,0,0,0,1,0,1,低风险,0
APP001674,0,0,0,0,0,0,低风险,0
APP001675,0,0,0,1,0,1,低风险,0
APP001676,0,0,0,0,0,0,低风险,0
APP001677,0,0,0,0,0,0,低风险,0
APP001678,0,0,0,0,0,0,低风险,0
APP001679,0,0,0,1,1,2,中风险,0
APP001680,0,0,0,0,1,1,低风险,0
APP001681,0,0,0,0,0,0,低风险,0
APP001682,0,1,0,1,1,3,高风险,1
APP001683,0,0,0,1,0,1,低风险,0
APP001684,0,0,0,0,0,0,低风险,0
APP001685,0,0,0,0,1,1,低风险,0
APP001686,0,0,0,1,0,1,低风险,0
APP001687,1,0,1,1,0,3,高风险,1
APP001688,0,0,0,1,0,1,低风险,0
APP001689,0,0,0,0,0,0,低风险,0
APP001690,0,0,0,1,0,1,低风险,0
APP001691,0,0,0,0,1,1,低风险,0
APP001692,0,0,0,0,0,0,低风险,0
APP001693,0,0,0,1,1,2,中风险,0
APP001694,0,0,0,0,0,0,低风险,0
APP001695,0,0,0,1,0,1,低风险,0
APP001696,0,0,0,0,0,0,低风险,0
APP001697,0,0,0,0,0,0,低风险,0
APP001698,0,0,0,0,0,0,低风险,0
APP001699,1,0,0,1,1,3,高风险,1
APP001700,0,0,0,0,1,1,低风险,0
APP001701,1,1,0,1,0,3,高风险,1
APP001702,0,0,0,0,0,0,低风险,0
APP001703,0,0,0,0,0,0,低风险,0
APP001704,0,0,0,0,0,0,低风险,0
APP001705,0,0,0,1,1,2,中风险,0
APP001706,0,0,0,0,1,1,低风险,0
APP001707,0,0,0,1,0,1,低风险,0
APP001708,0,0,0,0,0,0,低风险,0
APP001709,0,0,0,1,0,1,低风险,0
APP001710,0,0,0,1,0,1,低风险,0
APP001711,0,0,0,0,1,1,低风险,0
APP001712,0,0,0,1,0,1,低风险,0
APP001713,0,0,0,0,1,1,低风险,0
APP001714,0,0,0,1,0,1,低风险,0
APP001715,0,0,0,1,1,2,中风险,0
APP001716,0,0,0,1,0,1,低风险,1
APP001717,0,0,0,0,1,1,低风险,0
APP001718,0,0,0,0,0,0,低风险,0
APP001719,1,0,0,0,1,2,中风险,1
APP001720,0,0,0,0,0,0,低风险,0
APP001721,0,0,0,0,0,0,低风险,0
APP001722,0,0,0,0,0,0,低风险,0
APP001723,0,0,0,1,1,2,中风险,0
APP001724,0,0,0,0,0,0,低风险,0
APP001725,0,0,0,0,0,0,低风险,0
APP001726,0,0,0,1,1,2,中风险,0
APP001727,0,0,0,0,1,1,低风险,0
APP001728,1,0,0,0,1,2,中风险,1
APP001729,0,0,0,0,0,0,低风险,0
APP001730,0,0,0,1,0,1,低风险,0
APP001731,0,0,0,1,0,1,低风险,0
APP001732,0,0,0,0,1,1,低风险,0
APP001733,0,0,0,1,1,2,中风险,0
APP001734,0,0,0,0,0,0,低风险,0
APP001735,0,0,0,1,1,2,中风险,0
APP001736,0,0,0,1,0,1,低风险,0
APP001737,0,0,0,1,0,1,低风险,0
APP001738,0,0,0,0,1,1,低风险,0
APP001739,0,0,0,0,0,0,低风险,0
APP001740,0,0,0,0,1,1,低风险,0
APP001741,0,0,0,1,0,1,低风险,0
APP001742,0,0,0,0,1,1,低风险,0
APP001743,0,0,0,1,0,1,低风险,0
APP001744,0,0,0,1,0,1,低风险,0
APP001745,0,0,0,0,0,0,低风险,0
APP001746,0,0,0,1,0,1,低风险,0
APP001747,0,0,0,1,1,2,中风险,0
APP001748,0,0,0,1,0,1,低风险,0
APP001749,0,0,0,1,0,1,低风险,0
APP001750,0,0,0,1,0,1,低风险,0
APP001751,0,0,0,0,1,1,低风险,0
APP001752,0,0,0,1,0,1,低风险,0
APP001753,0,0,0,0,1,1,低风险,0
APP001754,0,0,0,1,0,1,低风险,0
APP001755,0,0,0,1,1,2,中风险,1
APP001756,0,0,0,0,0,0,低风险,0
APP001757,1,0,0,1,1,3,高风险,1
APP001758,0,0,0,0,0,0,低风险,0
APP001759,0,0,0,0,0,0,低风险,0
APP001760,0,0,0,0,1,1,低风险,0
APP001761,0,0,0,1,0,1,低风险,0
APP001762,0,0,0,1,1,2,中风险,0
APP001763,0,0,0,1,0,1,低风险,0
APP001764,0,0,0,0,0,0,低风险,0
APP001765,0,0,0,1,0,1,低风险,0
APP001766,0,0,0,1,0,1,低风险,0
APP001767,0,0,0,0,1,1,低风险,0
APP001768,0,0,0,0,0,0,低风险,0
APP001769,0,0,0,0,1,1,低风险,0
APP001770,0,0,0,1,0,1,低风险,0
APP001771,0,0,0,1,0,1,低风险,0
APP001772,0,0,0,1,0,1,低风险,0
APP001773,0,0,0,0,1,1,低风险,0
APP001774,1,1,0,1,1,4,高风险,1
APP001775,0,0,0,0,0,0,低风险,0
APP001776,0,0,0,0,1,1,低风险,0
APP001777,0,0,0,1,0,1,低风险,0
APP001778,0,0,0,0,0,0,低风险,0
APP001779,0,0,0,1,0,1,低风险,0
APP001780,0,0,0,0,0,0,低风险,0
APP001781,0,0,0,1,0,1,低风险,0
APP001782,1,0,0,1,1,3,高风险,1
APP001783,0,0,0,0,0,0,低风险,0
APP001784,0,0,0,0,1,1,低风险,0
APP001785,0,0,0,0,0,0,低风险,0
APP001786,0,0,0,1,0,1,低风险,0
APP001787,0,0,0,0,0,0,低风险,0
APP001788,0,0,0,1,0,1,低风险,0
APP001789,0,0,0,1,1,2,中风险,0
APP001790,0,0,0,0,0,0,低风险,0
APP001791,0,0,0,0,0,0,低风险,0
APP001792,0,0,0,1,1,2,中风险,0
APP001793,0,0,0,1,0,1,低风险,0
APP001794,0,0,0,1,0,1,低风险,0
APP001795,0,0,0,0,0,0,低风险,0
APP001796,0,0,0,1,1,2,中风险,0
APP001797,0,0,0,0,0,0,低风险,0
APP001798,0,0,0,1,1,2,中风险,0
APP001799,0,0,0,1,1,2,中风险,0
APP001800,0,0,0,0,1,1,低风险,0
APP001801,1,0,0,1,1,3,高风险,1
APP001802,0,0,0,0,1,1,低风险,0
APP001803,0,0,0,0,0,0,低风险,0
APP001804,0,0,0,1,0,1,低风险,0
APP001805,0,0,0,0,1,1,低风险,0
APP001806,0,0,0,0,1,1,低风险,0
APP001807,0,0,0,0,0,0,低风险,0
APP001808,0,0,0,1,0,1,低风险,0
APP001809,0,0,0,1,1,2,中风险,0
APP001810,0,0,0,0,1,1,低风险,0
APP001811,0,0,0,0,1,1,低风险,0
APP001812,0,0,0,1,1,2,中风险,0
APP001813,0,0,0,1,1,2,中风险,0
APP001814,0,0,0,0,0,0,低风险,0
APP001815,0,0,0,0,1,1,低风险,0
APP001816,0,0,0,0,1,1,低风险,1
APP001817,0,0,0,0,1,1,低风险,0
APP001818,0,0,0,0,0,0,低风险,0
APP001819,0,0,0,1,0,1,低风险,0
APP001820,0,0,0,0,0,0,低风险,0
APP001821,0,0,0,1,0,1,低风险,0
APP001822,0,0,0,0,0,0,低风险,0
APP001823,0,0,0,1,0,1,低风险,0
APP001824,0,0,0,1,0,1,低风险,0
APP001825,0,0,0,0,0,0,低风险,0
APP001826,0,0,0,0,0,0,低风险,0
APP001827,0,0,0,1,0,1,低风险,0
APP001828,1,1,1,0,1,4,高风险,1
APP001829,0,0,0,0,0,0,低风险,0
APP001830,0,0,0,0,1,1,低风险,0
APP001831,1,0,0,1,1,3,高风险,1
APP001832,0,0,0,0,0,0,低风险,0
APP001833,0,0,0,1,1,2,中风险,0
APP001834,0,0,0,0,0,0,低风险,0
APP001835,0,0,0,1,1,2,中风险,0
APP001836,0,0,0,0,0,0,低风险,0
APP001837,0,0,0,1,0,1,低风险,0
APP001838,0,0,0,0,0,0,低风险,0
APP001839,1,0,0,1,1,3,高风险,1
APP001840,0,0,0,1,0,1,低风险,0
APP001841,0,0,0,0,0,0,低风险,0
APP001842,0,0,0,0,0,0,低风险,0
APP001843,0,0,0,0,1,1,低风险,0
APP001844,0,0,0,0,0,0,低风险,0
APP001845,1,1,0,1,0,3,高风险,1
APP001846,0,0,0,0,0,0,低风险,0
APP001847,0,0,0,0,0,0,低风险,0
APP001848,0,0,0,1,0,1,低风险,0
APP001849,0,0,0,0,1,1,低风险,0
APP001850,0,0,0,0,1,1,低风险,0
APP001851,0,0,0,0,0,0,低风险,0
APP001852,0,0,0,1,0,1,低风险,0
APP001853,0,0,0,1,0,1,低风险,0
APP001854,0,0,0,1,1,2,中风险,0
APP001855,1,0,0,1,1,3,高风险,1
APP001856,0,0,0,1,0,1,低风险,0
APP001857,0,0,0,0,0,0,低风险,0
APP001858,0,0,0,0,1,1,低风险,0
APP001859,0,0,0,0,1,1,低风险,0
APP001860,0,0,0,0,1,1,低风险,0
APP001861,0,0,0,0,1,1,低风险,0
APP001862,0,0,0,0,1,1,低风险,0
APP001863,0,0,0,0,1,1,低风险,0
APP001864,0,0,0,0,0,0,低风险,0
APP001865,1,0,1,1,1,4,高风险,1
APP001866,0,1,1,1,0,3,高风险,1
APP001867,0,0,0,1,1,2,中风险,0
APP001868,0,0,0,0,0,0,低风险,0
APP001869,0,0,0,1,0,1,低风险,0
APP001870,0,0,0,0,1,1,低风险,0
APP001871,0,0,0,0,0,0,低风险,0
APP001872,0,0,0,0,1,1,低风险,0
APP001873,0,0,0,1,0,1,低风险,0
APP001874,0,0,0,1,0,1,低风险,0
APP001875,0,0,0,0,0,0,低风险,0
APP001876,0,0,0,0,0,0,低风险,0
APP001877,0,0,0,1,0,1,低风险,0
APP001878,0,0,0,1,0,1,低风险,0
APP001879,0,0,0,0,0,0,低风险,0
APP001880,0,0,0,0,1,1,低风险,0
APP001881,0,0,0,0,1,1,低风险,0
APP001882,0,0,0,1,0,1,低风险,0
APP001883,0,0,0,0,0,0,低风险,0
APP001884,0,0,0,1,0,1,低风险,0
APP001885,0,0,0,0,1,1,低风险,0
APP001886,0,0,0,0,0,0,低风险,0
APP001887,0,0,0,0,1,1,低风险,0
APP001888,0,0,0,1,0,1,低风险,0
APP001889,0,0,0,1,0,1,低风险,0
APP001890,1,1,0,1,1,4,高风险,1
APP001891,0,0,0,1,1,2,中风险,0
APP001892,0,0,0,0,0,0,低风险,0
APP001893,0,0,0,0,0,0,低风险,0
APP001894,0,0,0,0,0,0,低风险,0
APP001895,0,0,0,0,0,0,低风险,0
APP001896,0,0,0,0,0,0,低风险,0
APP001897,0,0,0,1,0,1,低风险,0
APP001898,0,0,0,0,0,0,低风险,0
APP001899,0,0,0,1,1,2,中风险,0
APP001900,0,0,0,0,0,0,低风险,0
APP001901,0,0,0,1,0,1,低风险,0
APP001902,0,0,0,0,1,1,低风险,0
APP001903,0,0,0,0,1,1,低风险,0
APP001904,0,0,0,0,0,0,低风险,0
APP001905,0,0,0,0,1,1,低风险,0
APP001906,0,0,0,1,0,1,低风险,0
APP001907,1,0,0,1,1,3,高风险,1
APP001908,0,0,0,1,0,1,低风险,0
APP001909,0,0,0,0,0,0,低风险,0
APP001910,0,0,0,0,0,0,低风险,0
APP001911,0,0,0,0,0,0,低风险,0
APP001912,0,0,0,1,0,1,低风险,0
APP001913,0,1,0,1,1,3,高风险,1
APP001914,0,0,0,0,1,1,低风险,0
APP001915,0,0,0,0,1,1,低风险,0
APP001916,0,0,0,0,1,1,低风险,0
APP001917,0,0,0,1,0,1,低风险,0
APP001918,0,0,0,1,1,2,中风险,0
APP001919,0,0,0,0,1,1,低风险,0
APP001920,0,0,0,0,0,0,低风险,0
APP001921,0,0,0,0,0,0,低风险,0
APP001922,0,0,0,1,0,1,低风险,0
APP001923,0,0,0,0,1,1,低风险,0
APP001924,0,0,0,1,1,2,中风险,0
APP001925,0,0,0,0,0,0,低风险,0
APP001926,0,0,0,1,1,2,中风险,0
APP001927,0,0,0,1,0,1,低风险,0
APP001928,0,0,0,1,0,1,低风险,0
APP001929,0,0,0,1,0,1,低风险,0
APP001930,0,0,0,1,1,2,中风险,0
APP001931,0,0,0,0,0,0,低风险,0
APP001932,0,0,0,0,0,0,低风险,0
APP001933,0,0,0,0,0,0,低风险,0
APP001934,0,0,0,1,0,1,低风险,0
APP001935,0,0,0,0,1,1,低风险,0
APP001936,0,0,0,1,1,2,中风险,0
APP001937,0,0,0,1,0,1,低风险,0
APP001938,0,0,0,0,0,0,低风险,0
APP001939,0,0,0,0,0,0,低风险,0
APP001940,0,0,0,0,0,0,低风险,0
APP001941,0,0,0,0,0,0,低风险,0
APP001942,0,0,0,0,0,0,低风险,0
APP001943,0,0,0,0,0,0,低风险,0
APP001944,0,0,0,1,1,2,中风险,0
APP001945,0,0,0,1,0,1,低风险,0
APP001946,0,0,0,0,1,1,低风险,0
APP001947,0,0,0,0,0,0,低风险,0
APP001948,0,0,0,0,0,0,低风险,0
APP001949,0,0,0,1,0,1,低风险,0
APP001950,0,0,0,1,1,2,中风险,0
APP001951,0,0,0,0,0,0,低风险,0
APP001952,0,0,0,0,1,1,低风险,0
APP001953,0,0,0,1,0,1,低风险,0
APP001954,0,0,0,1,1,2,中风险,0
APP001955,1,1,0,0,0,2,中风险,1
APP001956,0,1,0,1,1,3,高风险,1
APP001957,0,0,0,0,0,0,低风险,0
APP001958,0,0,0,0,0,0,低风险,0
APP001959,0,0,0,1,1,2,中风险,0
APP001960,0,0,0,1,1,2,中风险,0
APP001961,0,0,0,0,0,0,低风险,0
APP001962,0,0,0,1,0,1,低风险,0
APP001963,0,0,0,0,1,1,低风险,0
APP001964,0,0,0,1,0,1,低风险,0
APP001965,0,0,0,0,0,0,低风险,0
APP001966,0,0,0,1,1,2,中风险,0
APP001967,0,0,0,1,1,2,中风险,0
APP001968,0,0,0,0,1,1,低风险,0
APP001969,0,0,0,1,0,1,低风险,0
APP001970,0,0,0,1,0,1,低风险,0
APP001971,0,0,0,1,0,1,低风险,0
APP001972,0,0,0,0,0,0,低风险,0
APP001973,0,0,0,1,1,2,中风险,0
APP001974,0,0,0,1,0,1,低风险,0
APP001975,0,0,0,0,0,0,低风险,0
APP001976,1,0,0,1,1,3,高风险,1
APP001977,0,0,0,0,0,0,低风险,0
APP001978,0,0,0,0,0,0,低风险,0
APP001979,0,0,0,0,0,0,低风险,0
APP001980,0,0,0,0,0,0,低风险,0
APP001981,0,0,0,1,1,2,中风险,0
APP001982,0,0,0,0,1,1,低风险,0
APP001983,0,0,0,1,0,1,低风险,0
APP001984,0,0,0,0,1,1,低风险,0
APP001985,0,0,0,0,0,0,低风险,0
APP001986,0,0,0,0,0,0,低风险,0
APP001987,0,0,0,0,0,0,低风险,0
APP001988,0,0,0,1,0,1,低风险,0
APP001989,0,0,0,1,0,1,低风险,0
APP001990,0,0,0,1,0,1,低风险,0
APP001991,0,0,0,0,0,0,低风险,0
APP001992,0,0,0,0,1,1,低风险,0
APP001993,0,0,0,0,1,1,低风险,0
APP001994,0,0,0,0,0,0,低风险,0
APP001995,0,0,0,0,1,1,低风险,0
APP001996,0,0,0,1,1,2,中风险,0
APP001997,0,1,0,1,1,3,高风险,1
APP001998,0,0,0,1,0,1,低风险,0
APP001999,0,0,0,0,0,0,低风险,0
APP002000,0,0,0,0,1,1,低风险,0
